	GNGGA_Time	GNGGA_Altitude	GNGGA_Fix_Q	GNRMC_Speed	GNRMC_Course	GNRMC_Time	GNRMC_Date	GPGSA_Mode1	GPGSA_Mode2	GPGSA_Satellites_Used	GPGSA_No_Satellites	GPGSA_PDOP	GPGSA_HDOP	GPGSA_VDOP	GPGSV_Num_Sentences	GPGSV_Sentence_Number	GPGSV_Satellites_in_View
0		None M	0					A	1		1						
1		None M	0					A	1		1						
2		None M	0					A	1		1						
3		None M	0					A	1		1						
4		None M	0					A	1		1						
5		None M	0					A	1		1						
6		None M	0					A	1		1						
7		None M	0					A	1		1						
8		None M	0					A	1		1						
9		None M	0					A	1		1						
10		None M	0					A	1		1						
11		None M	0					A	1		1						
12		None M	0					A	1		1						
13		None M	0					A	1		1						
14		None M	0					A	1		1						
15		None M	0					A	1		1						
16		None M	0					A	1		1						
17		None M	0					A	1		1						
18		None M	0					A	1		1						
19		None M	0					A	1		1						
20		None M	0					A	1		1						
21		None M	0				2024-06-16	A	1		1						
22		None M	0				2024-06-16	A	1		1						
23		None M	0				2024-06-16	A	1		1						
24		None M	0				2024-06-16	A	1		1						
25		None M	0				2024-06-16	A	1		1						
26	15:11:50.033000+00:00	None M	0				2024-06-19	A	1		1						
27	15:11:51.033000+00:00	None M	0			15:11:50.033000+00:00	2024-06-19	A	1		1						
28	15:11:52.033000+00:00	None M	0			15:11:51.033000+00:00	2024-06-19	A	1		1						
29	15:11:53.033000+00:00	None M	0			15:11:52.033000+00:00	2024-06-19	A	1		1						
30	15:11:54.033000+00:00	None M	0			15:11:53.033000+00:00	2024-06-19	A	1		1						
31	15:11:55.033000+00:00	None M	0			15:11:54.033000+00:00	2024-06-19	A	1		1						
32	15:11:56.033000+00:00	None M	0			15:11:55.033000+00:00	2024-06-19	A	1		1						
33	15:11:57.033000+00:00	None M	0			15:11:56.033000+00:00	2024-06-19	A	1		1						
34	15:11:58.033000+00:00	None M	0			15:11:57.033000+00:00	2024-06-19	A	1		1						
35	15:11:59.033000+00:00	None M	0			15:11:58.033000+00:00	2024-06-19	A	1		1						
36	15:12:00.033000+00:00	None M	0			15:11:59.033000+00:00	2024-06-19	A	1		1						
37	15:12:01.033000+00:00	None M	0			15:12:00.033000+00:00	2024-06-19	A	1		1						
38	15:12:02.033000+00:00	None M	0			15:12:01.033000+00:00	2024-06-19	A	1		1						
39	15:12:03.033000+00:00	None M	0			15:12:02.033000+00:00	2024-06-19	A	1		1						
40	15:12:04.033000+00:00	None M	0			15:12:03.033000+00:00	2024-06-19	A	1		1						
41	15:12:05.033000+00:00	None M	0			15:12:04.033000+00:00	2024-06-19	A	1		1						
42	15:12:06.033000+00:00	None M	0			15:12:05.033000+00:00	2024-06-19	A	1		1						
43	15:12:07.033000+00:00	None M	0			15:12:06.033000+00:00	2024-06-19	A	1		1						
44	15:12:08.033000+00:00	None M	0			15:12:07.033000+00:00	2024-06-19	A	1		1						
45	15:12:09.033000+00:00	None M	0			15:12:08.033000+00:00	2024-06-19	A	1		1						
46	15:12:10.033000+00:00	None M	0			15:12:09.033000+00:00	2024-06-19	A	1		1						
47	15:12:11.033000+00:00	None M	0			15:12:10.033000+00:00	2024-06-19	A	1		1						
48	15:12:12.033000+00:00	None M	0			15:12:11.033000+00:00	2024-06-19	A	1		1						
49	15:12:13.033000+00:00	None M	0			15:12:12.033000+00:00	2024-06-19	A	1		1						
50	15:12:14.033000+00:00	None M	0			15:12:13.033000+00:00	2024-06-19	A	1		1						
51	15:12:15.033000+00:00	None M	0			15:12:14.033000+00:00	2024-06-19	A	1		1						
52	15:12:16.033000+00:00	None M	0			15:12:15.033000+00:00	2024-06-19	A	1		1						
53	15:12:17.033000+00:00	None M	0			15:12:16.033000+00:00	2024-06-19	A	1		1						
54	15:12:18.033000+00:00	None M	0			15:12:17.033000+00:00	2024-06-19	A	1		1						
55	15:12:19.033000+00:00	None M	0			15:12:18.033000+00:00	2024-06-19	A	1		1						
56	15:12:20.033000+00:00	None M	0			15:12:19.033000+00:00	2024-06-19	A	1		1						
57	15:12:21.033000+00:00	None M	0			15:12:20.033000+00:00	2024-06-19	A	1		1						
58	15:12:22.033000+00:00	None M	0			15:12:21.033000+00:00	2024-06-19	A	1		1						
59	15:12:23.033000+00:00	None M	0			15:12:22.033000+00:00	2024-06-19	A	1		1						
60	15:12:24.033000+00:00	None M	0			15:12:23.033000+00:00	2024-06-19	A	1		1						
61	15:12:25.033000+00:00	None M	0			15:12:24.033000+00:00	2024-06-19	A	1		1						
62	15:12:26.544000+00:00	None M	0			15:12:25.033000+00:00	2024-06-19	A	1		1						
63	15:12:27.544000+00:00	None M	0			15:12:26.544000+00:00	2024-06-19	A	1		1						
64	15:12:28.544000+00:00	None M	0			15:12:27.544000+00:00	2024-06-19	A	1		1						
65	15:12:29.544000+00:00	None M	0			15:12:28.544000+00:00	2024-06-19	A	1		1						
66	15:12:30.544000+00:00	61.1 M	1			15:12:29.544000+00:00	2024-06-19	A	3	04,02,17,19	4	4.2	4.09	0.97			
67	15:12:31.044000+00:00	61.2 M	1	0	0	15:12:30.544000+00:00	2024-06-19	A	3	04,02,17,19	4	4.2	4.09	0.97			
68	15:12:32.024000+00:00	61.2 M	1	0	0	15:12:31.044000+00:00	2024-06-19	A	3	04,02,17,19	4	4.2	4.09	0.97			
69	15:12:33.004000+00:00	61.2 M	1	0	0	15:12:32.024000+00:00	2024-06-19	A	3	04,02,17,19	4	4.2	4.09	0.97			
70	15:12:34+00:00	61.1 M	1	0	0	15:12:33.004000+00:00	2024-06-19	A	3	04,02,17,19	4	4.2	4.09	0.97			
71	15:12:35+00:00	61.1 M	1	0.001	0	15:12:34+00:00	2024-06-19	A	3	04,02,17,19	4	4.2	4.09	0.97			
72	15:12:36+00:00	61.1 M	1	0	0	15:12:35+00:00	2024-06-19	A	3	04,02,17,19	4	4.2	4.09	0.97			
73	15:12:37+00:00	61.1 M	1	0	0	15:12:36+00:00	2024-06-19	A	3	04,02,17,19	4	4.2	4.09	0.97			
74	15:12:38+00:00	61.1 M	1	0.001	0	15:12:37+00:00	2024-06-19	A	3	04,02,17,19	4	4.2	4.09	0.97			
75	15:12:39+00:00	61.1 M	1	0.001	0	15:12:38+00:00	2024-06-19	A	3	04,02,17,19	4	4.2	4.09	0.97			
76	15:12:40+00:00	61.1 M	1	0.001	0	15:12:39+00:00	2024-06-19	A	3	04,02,17,19	4	4.2	4.09	0.97			
77	15:12:41+00:00	61.1 M	1	0	0	15:12:40+00:00	2024-06-19	A	3	04,02,17,19	4	4.2	4.09	0.97			
78	15:12:42+00:00	61.1 M	1	0.001	0	15:12:41+00:00	2024-06-19	A	3	04,02,17,19	4	4.2	4.09	0.97			
79	15:12:43+00:00	61.1 M	1	0	0	15:12:42+00:00	2024-06-19	A	3	04,02,17,19	4	4.2	4.09	0.97			
80	15:12:44+00:00	61.1 M	1	0	0	15:12:43+00:00	2024-06-19	A	3	04,02,17,19	4	4.2	4.09	0.97			
81	15:12:45+00:00	61.1 M	1	0	0	15:12:44+00:00	2024-06-19	A	3	04,02,17,19	4	4.2	4.09	0.97			
82	15:12:46+00:00	61.1 M	1	0.001	0	15:12:45+00:00	2024-06-19	A	3	04,02,17,19	4	4.2	4.09	0.97			
83	15:12:47+00:00	61.1 M	1	0	0	15:12:46+00:00	2024-06-19	A	3	04,02,17,19	4	4.2	4.09	0.97			
84	15:12:48+00:00	61.1 M	1	0	0	15:12:47+00:00	2024-06-19	A	3	04,02,17,19	4	4.2	4.09	0.97			
85	15:12:49+00:00	61.6 M	1	0	0	15:12:48+00:00	2024-06-19	A	3	03,04,02,17,19	5	2.16	1.93	0.96			
86	15:12:50+00:00	61.9 M	1	0	0	15:12:49+00:00	2024-06-19	A	3	03,04,02,17,19	5	2.16	1.93	0.96			
87	15:12:51+00:00	62.0 M	1	0	0	15:12:50+00:00	2024-06-19	A	3	03,04,02,17,19	5	2.16	1.93	0.96			
88	15:12:52+00:00	62.0 M	1	0	0	15:12:51+00:00	2024-06-19	A	3	03,04,02,17,19	5	2.16	1.93	0.96			
89	15:12:53+00:00	62.1 M	1	0.001	0	15:12:52+00:00	2024-06-19	A	3	03,04,02,17,19	5	2.16	1.93	0.96			
90	15:12:54+00:00	62.1 M	1	0.001	0	15:12:53+00:00	2024-06-19	A	3	03,04,02,17,19	5	2.16	1.93	0.96			
91	15:12:55+00:00	62.2 M	1	0	0	15:12:54+00:00	2024-06-19	A	3	03,04,02,17,19	5	2.16	1.93	0.96			
92	15:12:56+00:00	62.3 M	1	0	0	15:12:55+00:00	2024-06-19	A	3	03,04,02,17,19	5	2.16	1.93	0.96			
93	15:12:57+00:00	62.4 M	1	0.001	0	15:12:56+00:00	2024-06-19	A	3	03,04,02,17,19	5	2.16	1.93	0.96			
94	15:12:58+00:00	62.7 M	1	0	0	15:12:57+00:00	2024-06-19	A	3	03,04,02,17,19	5	2.16	1.93	0.96			
95	15:12:59+00:00	62.8 M	1	0.002	0	15:12:58+00:00	2024-06-19	A	3	03,04,02,17,19	5	2.16	1.93	0.96			
96	15:13:00+00:00	62.8 M	1	0	0	15:12:59+00:00	2024-06-19	A	3	03,04,02,17,19	5	2.16	1.93	0.96			
97	15:13:01+00:00	62.9 M	1	0	0	15:13:00+00:00	2024-06-19	A	3	03,04,02,17,19	5	2.16	1.93	0.96			
98	15:13:02+00:00	62.9 M	1	0	0	15:13:01+00:00	2024-06-19	A	3	03,04,02,17,19	5	2.16	1.93	0.96			
99	15:13:03+00:00	63.0 M	1	0	0	15:13:02+00:00	2024-06-19	A	3	03,04,02,17,19	5	2.16	1.93	0.96			
100	15:13:04+00:00	63.1 M	1	0	0	15:13:03+00:00	2024-06-19	A	3	03,04,02,17,19	5	2.16	1.93	0.96			
101	15:13:05+00:00	63.1 M	1	0.001	0	15:13:04+00:00	2024-06-19	A	3	03,04,02,17,19	5	2.16	1.93	0.96			
102	15:13:06+00:00	63.2 M	1	0	0	15:13:05+00:00	2024-06-19	A	3	03,04,02,17,19	5	2.16	1.93	0.96			
103	15:13:07+00:00	63.4 M	1	0.001	0	15:13:06+00:00	2024-06-19	A	3	03,04,02,17,19	5	2.16	1.93	0.96			
104	15:13:08+00:00	63.5 M	1	0.001	0	15:13:07+00:00	2024-06-19	A	3	03,04,02,17,19	5	2.16	1.93	0.96			
105	15:13:09+00:00	63.6 M	1	0.001	0	15:13:08+00:00	2024-06-19	A	3	03,04,02,17,19	5	2.16	1.93	0.96			
106	15:13:10+00:00	64.0 M	1	0.001	0	15:13:09+00:00	2024-06-19	A	3	03,04,02,17,19	5	2.16	1.93	0.96			
107	15:13:11+00:00	64.1 M	1	0.001	0	15:13:10+00:00	2024-06-19	A	3	03,04,02,17,19	5	2.16	1.93	0.96			
108	15:13:12+00:00	64.2 M	1	0.001	0	15:13:11+00:00	2024-06-19	A	3	03,04,02,17,19	5	2.16	1.93	0.96			
109	15:13:13+00:00	64.4 M	1	0.001	0	15:13:12+00:00	2024-06-19	A	3	03,04,02,17,19	5	2.15	1.93	0.96			
110	15:13:14+00:00	64.5 M	1	0.001	0	15:13:13+00:00	2024-06-19	A	3	03,04,02,17,19	5	2.15	1.93	0.96			
111	15:13:15+00:00	64.6 M	1	0	0	15:13:14+00:00	2024-06-19	A	3	03,04,02,17,19	5	2.15	1.93	0.96			
112	15:13:16+00:00	64.6 M	1	0.001	0	15:13:15+00:00	2024-06-19	A	3	03,04,02,17,19	5	2.15	1.93	0.96			
113	15:13:17+00:00	64.8 M	1	0.001	0	15:13:16+00:00	2024-06-19	A	3	03,04,02,17,19	5	2.15	1.93	0.96			
114	15:13:18+00:00	65.0 M	1	0.001	0	15:13:17+00:00	2024-06-19	A	3	03,04,02,17,19	5	2.15	1.93	0.96			
115	15:13:19+00:00	65.2 M	1	0	0	15:13:18+00:00	2024-06-19	A	3	03,04,02,17,19	5	2.15	1.93	0.96			
116	15:13:20+00:00	65.9 M	1	0	0	15:13:19+00:00	2024-06-19	A	3	03,04,02,17,19	5	4.23	2.62	3.32			
117	15:13:21+00:00	66.0 M	1	0	0	15:13:20+00:00	2024-06-19	A	3	03,04,02,17,19	5	2.15	1.93	0.96			
118	15:13:22+00:00	66.1 M	1	0.001	0	15:13:21+00:00	2024-06-19	A	3	03,04,02,17,19	5	2.15	1.93	0.96			
119	15:13:23+00:00	66.3 M	1	0	0	15:13:22+00:00	2024-06-19	A	3	03,04,02,17,19	5	2.15	1.93	0.96			
120	15:13:24+00:00	66.3 M	1	0.001	0	15:13:23+00:00	2024-06-19	A	3	03,04,02,17,19	5	2.15	1.93	0.96			
121	15:13:25+00:00	66.5 M	1	0.001	0	15:13:24+00:00	2024-06-19	A	3	03,04,02,17,19	5	2.15	1.93	0.96			
122	15:13:26+00:00	66.6 M	1	0.001	0	15:13:25+00:00	2024-06-19	A	3	03,04,02,17,19	5	2.15	1.93	0.96			
123	15:13:27+00:00	66.6 M	1	0.001	0	15:13:26+00:00	2024-06-19	A	3	03,04,02,17,19	5	2.15	1.93	0.96			
124	15:13:28+00:00	66.7 M	1	0.001	0	15:13:27+00:00	2024-06-19	A	3	03,04,02,17,19	5	2.15	1.93	0.96			
125	15:13:29+00:00	66.7 M	1	0	0	15:13:28+00:00	2024-06-19	A	3	03,04,02,17,19	5	2.15	1.93	0.96			
126	15:13:30+00:00	66.9 M	1	0	0	15:13:29+00:00	2024-06-19	A	3	03,04,02,17,19	5	2.15	1.93	0.96			
127	15:13:31+00:00	67.1 M	1	0.001	0	15:13:30+00:00	2024-06-19	A	3	03,04,02,17,19	5	2.15	1.93	0.96			
128	15:13:32+00:00	67.2 M	1	0	0	15:13:31+00:00	2024-06-19	A	3	03,04,02,17,19	5	2.15	1.93	0.96			
129	15:13:33+00:00	67.3 M	1	0	0	15:13:32+00:00	2024-06-19	A	3	03,04,02,17,19	5	2.15	1.93	0.96			
130	15:13:34+00:00	67.4 M	1	0	0	15:13:33+00:00	2024-06-19	A	3	03,04,02,17,19	5	2.15	1.93	0.96			
131	15:13:35+00:00	67.5 M	1	0	0	15:13:34+00:00	2024-06-19	A	3	03,04,02,17,19	5	2.15	1.93	0.96			
132	15:13:36+00:00	67.6 M	1	0	0	15:13:35+00:00	2024-06-19	A	3	03,04,02,17,19	5	2.15	1.93	0.96			
133	15:13:37+00:00	67.7 M	1	0.001	0	15:13:36+00:00	2024-06-19	A	3	03,04,02,17,19	5	2.15	1.93	0.96			
134	15:13:38+00:00	67.8 M	1	0	0	15:13:37+00:00	2024-06-19	A	3	03,04,02,17,19	5	2.15	1.93	0.96			
135	15:13:39+00:00	67.9 M	1	0.001	0	15:13:38+00:00	2024-06-19	A	3	03,04,02,17,19	5	2.15	1.93	0.96			
136	15:13:40+00:00	68.0 M	1	0.001	0	15:13:39+00:00	2024-06-19	A	3	03,04,02,17,19	5	2.15	1.93	0.96			
137	15:13:41+00:00	68.1 M	1	0.001	0	15:13:40+00:00	2024-06-19	A	3	03,04,02,17,19	5	2.15	1.93	0.96			
138	15:13:42+00:00	68.2 M	1	0	0	15:13:41+00:00	2024-06-19	A	3	03,04,02,17,19	5	2.15	1.93	0.96			
139	15:13:43+00:00	68.3 M	1	0	0	15:13:42+00:00	2024-06-19	A	3	03,04,02,17,19	5	2.15	1.92	0.96			
140	15:13:44+00:00	68.4 M	1	0.001	0	15:13:43+00:00	2024-06-19	A	3	03,04,02,17,19	5	2.15	1.92	0.96			
141	15:13:45+00:00	68.5 M	1	0	0	15:13:44+00:00	2024-06-19	A	3	03,04,02,17,19	5	2.15	1.92	0.96			
142	15:13:46+00:00	68.6 M	1	0	0	15:13:45+00:00	2024-06-19	A	3	03,04,02,17,19	5	2.15	1.92	0.96			
143	15:13:47+00:00	68.7 M	1	0	0	15:13:46+00:00	2024-06-19	A	3	03,04,02,17,19	5	2.15	1.92	0.96			
144	15:13:48+00:00	68.7 M	1	0	0	15:13:47+00:00	2024-06-19	A	3	03,04,02,17,19	5	2.15	1.92	0.96			
145	15:13:49+00:00	68.8 M	1	0	0	15:13:48+00:00	2024-06-19	A	3	03,04,02,17,19	5	2.15	1.92	0.96			
146	15:13:50+00:00	68.9 M	1	0	0	15:13:49+00:00	2024-06-19	A	3	03,04,02,17,19	5	2.15	1.92	0.96			
147	15:13:51+00:00	69.0 M	1	0.001	0	15:13:50+00:00	2024-06-19	A	3	03,04,02,17,19	5	2.15	1.92	0.96			
148	15:13:52+00:00	69.0 M	1	0	0	15:13:51+00:00	2024-06-19	A	3	03,04,02,17,19	5	2.15	1.92	0.96			
149	15:13:53+00:00	69.0 M	1	0	0	15:13:52+00:00	2024-06-19	A	3	03,04,02,17,19	5	2.15	1.92	0.96			
150	15:13:54+00:00	69.1 M	1	0	0	15:13:53+00:00	2024-06-19	A	3	03,04,02,17,19	5	2.15	1.92	0.96			
151	15:13:55+00:00	69.1 M	1	0	0	15:13:54+00:00	2024-06-19	A	3	03,04,02,17,19	5	2.15	1.92	0.96			
152	15:13:56+00:00	69.1 M	1	0	0	15:13:55+00:00	2024-06-19	A	3	03,04,02,17,19	5	2.15	1.92	0.96			
153	15:13:57+00:00	69.2 M	1	0	0	15:13:56+00:00	2024-06-19	A	3	03,04,02,17,19	5	2.15	1.92	0.96			
154	15:13:58+00:00	69.1 M	1	0	0	15:13:57+00:00	2024-06-19	A	3	03,04,02,17,19	5	2.15	1.92	0.96			
155	15:13:59+00:00	69.2 M	1	0.001	0	15:13:58+00:00	2024-06-19	A	3	03,04,02,17,19	5	2.15	1.92	0.96			
156	15:14:00+00:00	69.2 M	1	0	0	15:13:59+00:00	2024-06-19	A	3	03,04,02,17,19	5	2.15	1.92	0.96			
157	15:14:01+00:00	69.2 M	1	0.001	0	15:14:00+00:00	2024-06-19	A	3	03,04,02,17,19	5	2.15	1.92	0.96			
158	15:14:02+00:00	69.3 M	1	0	0	15:14:01+00:00	2024-06-19	A	3	03,04,02,17,19	5	2.15	1.92	0.96			
159	15:14:03+00:00	69.3 M	1	0.001	0	15:14:02+00:00	2024-06-19	A	3	03,04,02,17,19	5	2.15	1.92	0.96			
160	15:14:04+00:00	69.3 M	1	0.001	0	15:14:03+00:00	2024-06-19	A	3	03,04,02,17,19	5	2.15	1.92	0.96			
161	15:14:05+00:00	69.4 M	1	0.001	0	15:14:04+00:00	2024-06-19	A	3	03,04,02,17,19	5	2.15	1.92	0.96			
162	15:14:06+00:00	69.4 M	1	0	0	15:14:05+00:00	2024-06-19	A	3	03,04,02,17,19	5	2.15	1.92	0.96			
163	15:14:07+00:00	69.5 M	1	0	0	15:14:06+00:00	2024-06-19	A	3	03,04,02,17,19	5	2.15	1.92	0.96			
164	15:14:08+00:00	69.5 M	1	0	0	15:14:07+00:00	2024-06-19	A	3	03,04,02,17,19	5	2.15	1.92	0.96			
165	15:14:09+00:00	69.6 M	1	0	0	15:14:08+00:00	2024-06-19	A	3	03,04,02,17,19	5	2.15	1.92	0.96			
166	15:14:10+00:00	69.6 M	1	0	0	15:14:09+00:00	2024-06-19	A	3	03,04,02,17,19	5	2.15	1.92	0.96			
167	15:14:11+00:00	69.6 M	1	0	0	15:14:10+00:00	2024-06-19	A	3	03,04,02,17,19	5	2.15	1.92	0.96			
168	15:14:12+00:00	69.6 M	1	0	0	15:14:11+00:00	2024-06-19	A	3	03,04,02,17,19	5	2.15	1.92	0.96			
169	15:14:13+00:00	69.6 M	1	0.001	0	15:14:12+00:00	2024-06-19	A	3	03,04,02,17,19	5	2.15	1.92	0.96			
170	15:14:14+00:00	69.6 M	1	0	0	15:14:13+00:00	2024-06-19	A	3	03,04,02,17,19	5	2.15	1.92	0.96			
171	15:14:15+00:00	69.6 M	1	0	0	15:14:14+00:00	2024-06-19	A	3	03,04,02,17,19	5	2.15	1.92	0.96			
172	15:14:16+00:00	69.6 M	1	0.002	0	15:14:15+00:00	2024-06-19	A	3	03,04,02,17,19	5	2.15	1.92	0.96			
173	15:14:17+00:00	69.7 M	1	0.002	0	15:14:16+00:00	2024-06-19	A	3	03,04,02,17,19	5	2.15	1.92	0.96			
174	15:14:18+00:00	69.7 M	1	0	0	15:14:17+00:00	2024-06-19	A	3	03,04,02,17,19	5	2.15	1.92	0.96			
175	15:14:19+00:00	69.7 M	1	0.001	0	15:14:18+00:00	2024-06-19	A	3	03,04,02,17,19	5	2.14	1.92	0.96			
176	15:14:20+00:00	69.7 M	1	0	0	15:14:19+00:00	2024-06-19	A	3	03,04,02,17,19	5	2.14	1.92	0.96			
177	15:14:21+00:00	69.8 M	1	0	0	15:14:20+00:00	2024-06-19	A	3	03,04,02,17,19	5	2.14	1.92	0.96			
178	15:14:22+00:00	69.8 M	1	0.001	0	15:14:21+00:00	2024-06-19	A	3	03,04,02,17,19	5	2.14	1.92	0.96			
179	15:14:23+00:00	69.8 M	1	0	0	15:14:22+00:00	2024-06-19	A	3	03,04,02,17,19	5	2.14	1.92	0.96			
180	15:14:24+00:00	69.9 M	1	0.001	0	15:14:23+00:00	2024-06-19	A	3	03,04,02,17,19	5	2.14	1.92	0.96			
181	15:14:25+00:00	69.9 M	1	0.001	0	15:14:24+00:00	2024-06-19	A	3	03,04,02,17,19	5	2.14	1.92	0.96			
182	15:14:26+00:00	69.9 M	1	0.001	0	15:14:25+00:00	2024-06-19	A	3	03,04,02,17,19	5	2.14	1.92	0.96			
183	15:14:27+00:00	70.1 M	1	0.001	0	15:14:26+00:00	2024-06-19	A	3	03,04,02,17,19,06	6	1.96	1.73	0.92			
184	15:14:28+00:00	70.3 M	1	0	0	15:14:27+00:00	2024-06-19	A	3	03,04,02,17,19,06	6	1.96	1.73	0.92			
185	15:14:29+00:00	70.4 M	1	0	0	15:14:28+00:00	2024-06-19	A	3	03,04,02,17,19,06	6	1.96	1.73	0.92			
186	15:14:30+00:00	70.7 M	1	0.001	0	15:14:29+00:00	2024-06-19	A	3	03,04,02,17,19,06	6	1.96	1.73	0.92			
187	15:14:31+00:00	70.8 M	1	0	0	15:14:30+00:00	2024-06-19	A	3	03,04,02,17,19,06	6	1.96	1.73	0.92			
188	15:14:32+00:00	71.1 M	1	0.001	0	15:14:31+00:00	2024-06-19	A	3	03,04,02,17,19,06	6	1.96	1.73	0.92			
189	15:14:33+00:00	71.4 M	1	0	0	15:14:32+00:00	2024-06-19	A	3	03,04,02,17,19,06	6	1.96	1.73	0.92			
190	15:14:34+00:00	71.6 M	1	0.001	0	15:14:33+00:00	2024-06-19	A	3	03,04,02,17,19,06	6	1.96	1.73	0.92			
191	15:14:35+00:00	71.7 M	1	0	0	15:14:34+00:00	2024-06-19	A	3	03,04,02,17,19,06	6	1.96	1.73	0.92			
192	15:14:36+00:00	71.8 M	1	0	0	15:14:35+00:00	2024-06-19	A	3	03,04,02,17,19,06	6	1.96	1.73	0.92			
193	15:14:37+00:00	71.8 M	1	0	0	15:14:36+00:00	2024-06-19	A	3	03,04,02,17,19,06	6	1.96	1.73	0.92			
194	15:14:38+00:00	71.9 M	1	0	0	15:14:37+00:00	2024-06-19	A	3	03,04,02,17,19,06	6	1.96	1.73	0.92			
195	15:14:39+00:00	71.9 M	1	0	0	15:14:38+00:00	2024-06-19	A	3	03,04,02,17,19,06	6	1.96	1.73	0.92			
196	15:14:40+00:00	72.1 M	1	0	0	15:14:39+00:00	2024-06-19	A	3	03,04,02,17,19,06	6	1.96	1.73	0.92			
197	15:14:41+00:00	72.3 M	1	0	0	15:14:40+00:00	2024-06-19	A	3	03,04,02,17,19,06	6	1.96	1.73	0.92			
198	15:14:42+00:00	72.4 M	1	0.001	0	15:14:41+00:00	2024-06-19	A	3	03,04,02,17,19,06	6	1.96	1.73	0.92			
199	15:14:43+00:00	72.6 M	1	0	0	15:14:42+00:00	2024-06-19	A	3	03,04,02,17,19,06	6	1.96	1.73	0.92			
200	15:14:44+00:00	72.7 M	1	0.001	0	15:14:43+00:00	2024-06-19	A	3	03,04,02,17,19,06	6	1.96	1.73	0.92			
201	15:14:45+00:00	72.8 M	1	0	0	15:14:44+00:00	2024-06-19	A	3	03,04,02,17,19,06	6	1.96	1.73	0.92			
202	15:14:46+00:00	72.9 M	1	0	0	15:14:45+00:00	2024-06-19	A	3	03,04,02,17,19,06	6	1.96	1.73	0.92			
203	15:14:47+00:00	73.1 M	1	0	0	15:14:46+00:00	2024-06-19	A	3	03,04,02,17,19,06	6	1.96	1.73	0.92			
204	15:14:48+00:00	73.2 M	1	0	0	15:14:47+00:00	2024-06-19	A	3	03,04,02,17,19,06	6	1.96	1.73	0.92			
205	15:14:49+00:00	73.2 M	1	0	0	15:14:48+00:00	2024-06-19	A	3	03,04,02,17,19,06	6	1.96	1.73	0.92			
206	15:14:50+00:00	73.3 M	1	0.001	0	15:14:49+00:00	2024-06-19	A	3	03,04,02,17,19,06	6	1.96	1.73	0.92			
207	15:14:51+00:00	73.3 M	1	0	0	15:14:50+00:00	2024-06-19	A	3	03,04,02,17,19,06	6	1.96	1.73	0.92			
208	15:14:52+00:00	73.5 M	1	0	0	15:14:51+00:00	2024-06-19	A	3	03,04,02,17,19,06	6	1.96	1.73	0.92			
209	15:14:53+00:00	73.5 M	1	0.001	0	15:14:52+00:00	2024-06-19	A	3	03,04,02,17,19,06	6	1.96	1.73	0.92			
210	15:14:54+00:00	73.5 M	1	0	0	15:14:53+00:00	2024-06-19	A	3	03,04,02,17,19,06	6	1.96	1.73	0.92			
211	15:14:55+00:00	73.6 M	1	0.001	0	15:14:54+00:00	2024-06-19	A	3	03,04,02,17,19,06	6	1.96	1.73	0.92			
212	15:14:56+00:00	73.6 M	1	0	0	15:14:55+00:00	2024-06-19	A	3	03,04,02,17,19,06	6	1.96	1.73	0.92			
213	15:14:57+00:00	73.8 M	1	0	0	15:14:56+00:00	2024-06-19	A	3	03,04,02,17,19,06	6	1.96	1.72	0.92			
214	15:14:58+00:00	73.8 M	1	0.001	0	15:14:57+00:00	2024-06-19	A	3	03,04,02,17,19,06	6	1.96	1.72	0.92			
215	15:14:59+00:00	73.8 M	1	0	0	15:14:58+00:00	2024-06-19	A	3	03,04,02,17,19,06	6	1.96	1.72	0.92			
216	15:15:00+00:00	73.7 M	1	0	0	15:14:59+00:00	2024-06-19	A	3	03,04,02,17,19,06	6	1.96	1.72	0.92			
217	15:15:01+00:00	73.6 M	1	0	0	15:15:00+00:00	2024-06-19	A	3	03,04,02,17,19,06	6	1.96	1.72	0.92			
218	15:15:02+00:00	73.5 M	1	0.001	0	15:15:01+00:00	2024-06-19	A	3	03,04,02,17,19,06	6	1.96	1.72	0.92			
219	15:15:03+00:00	73.5 M	1	0.001	0	15:15:02+00:00	2024-06-19	A	3	03,04,02,17,19,06	6	1.95	1.72	0.92			
220	15:15:04+00:00	73.6 M	1	0	0	15:15:03+00:00	2024-06-19	A	3	03,04,02,17,19,06	6	1.95	1.72	0.92			
221	15:15:05+00:00	73.7 M	1	0	0	15:15:04+00:00	2024-06-19	A	3	03,04,02,17,19,06	6	1.95	1.72	0.92			
222	15:15:06+00:00	73.8 M	1	0	0	15:15:05+00:00	2024-06-19	A	3	03,04,02,17,19,06	6	1.95	1.72	0.92			
223	15:15:07+00:00	73.8 M	1	0.001	0	15:15:06+00:00	2024-06-19	A	3	03,04,02,17,19,06	6	1.95	1.72	0.92			
224	15:15:08+00:00	73.8 M	1	0.001	0	15:15:07+00:00	2024-06-19	A	3	03,04,02,17,19,06	6	1.95	1.72	0.92			
225	15:15:09+00:00	73.8 M	1	0	0	15:15:08+00:00	2024-06-19	A	3	03,04,02,17,19,06	6	1.95	1.72	0.92			
226	15:15:10+00:00	73.7 M	1	0.001	0	15:15:09+00:00	2024-06-19	A	3	03,04,02,17,19,06	6	1.95	1.72	0.92			
227	15:15:11+00:00	73.8 M	1	0.001	0	15:15:10+00:00	2024-06-19	A	3	03,04,02,17,19,06	6	1.95	1.72	0.92			
228	15:15:12+00:00	73.7 M	1	0	0	15:15:11+00:00	2024-06-19	A	3	03,04,02,17,19,06	6	1.95	1.72	0.92			
229	15:15:13+00:00	73.8 M	1	0	0	15:15:12+00:00	2024-06-19	A	3	03,04,02,17,19,06	6	1.95	1.72	0.92			
230	15:15:14+00:00	74.0 M	1	0	0	15:15:13+00:00	2024-06-19	A	3	03,04,02,17,19,06	6	1.95	1.72	0.92			
231	15:15:15+00:00	74.0 M	1	0.001	0	15:15:14+00:00	2024-06-19	A	3	03,04,02,17,19,06	6	1.95	1.72	0.92			
232	15:15:16+00:00	74.1 M	1	0	0	15:15:15+00:00	2024-06-19	A	3	03,04,02,17,19,06	6	1.95	1.72	0.92			
233	15:15:17+00:00	74.2 M	1	0	0	15:15:16+00:00	2024-06-19	A	3	03,04,02,17,19,06	6	1.95	1.72	0.92			
234	15:15:18+00:00	74.3 M	1	0	0	15:15:17+00:00	2024-06-19	A	3	03,04,02,17,19,06	6	1.95	1.72	0.92			
235	15:15:19+00:00	74.4 M	1	0	0	15:15:18+00:00	2024-06-19	A	3	03,04,02,17,19,06	6	1.95	1.72	0.92			
236	15:15:20+00:00	74.5 M	1	0	0	15:15:19+00:00	2024-06-19	A	3	03,04,02,17,19,06	6	1.95	1.72	0.92			
237	15:15:21+00:00	74.6 M	1	0	0	15:15:20+00:00	2024-06-19	A	3	03,04,02,17,19,06	6	1.95	1.72	0.92			
238	15:15:22+00:00	74.6 M	1	0.001	0	15:15:21+00:00	2024-06-19	A	3	03,04,02,17,19,06	6	1.95	1.72	0.92			
239	15:15:23+00:00	74.7 M	1	0.001	0	15:15:22+00:00	2024-06-19	A	3	03,04,02,17,19,06	6	1.95	1.72	0.92			
240	15:15:24+00:00	74.8 M	1	0.001	0	15:15:23+00:00	2024-06-19	A	3	03,04,02,17,19,06	6	1.95	1.72	0.92			
241	15:15:25+00:00	74.9 M	1	0.001	0	15:15:24+00:00	2024-06-19	A	3	03,04,02,17,19,06	6	1.95	1.72	0.92			
242	15:15:26+00:00	74.9 M	1	0	0	15:15:25+00:00	2024-06-19	A	3	03,04,02,17,19,06	6	1.95	1.72	0.92			
243	15:15:27+00:00	75.0 M	1	0.001	0	15:15:26+00:00	2024-06-19	A	3	03,04,02,17,19,06	6	1.95	1.72	0.92			
244	15:15:28+00:00	75.2 M	1	0.001	0	15:15:27+00:00	2024-06-19	A	3	03,04,02,17,19,06	6	1.95	1.72	0.92			
245	15:15:29+00:00	75.4 M	1	0	0	15:15:28+00:00	2024-06-19	A	3	03,04,02,17,19,06	6	1.95	1.72	0.92			
246	15:15:30+00:00	75.5 M	1	0	0	15:15:29+00:00	2024-06-19	A	3	03,04,02,17,19,06	6	1.95	1.72	0.92			
247	15:15:31+00:00	75.5 M	1	0	0	15:15:30+00:00	2024-06-19	A	3	03,04,02,17,19,06	6	1.95	1.72	0.92			
248	15:15:32+00:00	75.5 M	1	0	0	15:15:31+00:00	2024-06-19	A	3	03,04,02,17,19,06	6	1.95	1.72	0.92			
249	15:15:33+00:00	75.7 M	1	0	0	15:15:32+00:00	2024-06-19	A	3	03,04,02,17,19,06	6	1.95	1.72	0.92			
250	15:15:34+00:00	75.8 M	1	0	0	15:15:33+00:00	2024-06-19	A	3	03,04,02,17,19,06	6	1.95	1.72	0.92			
251	15:15:35+00:00	75.9 M	1	0	0	15:15:34+00:00	2024-06-19	A	3	03,04,02,17,19,06	6	1.95	1.72	0.92			
252	15:15:36+00:00	76.1 M	1	0	0	15:15:35+00:00	2024-06-19	A	3	03,04,02,17,19,06	6	1.95	1.72	0.92			
253	15:15:37+00:00	76.2 M	1	0.001	0	15:15:36+00:00	2024-06-19	A	3	03,04,02,17,19,06	6	1.95	1.72	0.92			
254	15:15:38+00:00	76.3 M	1	0	0	15:15:37+00:00	2024-06-19	A	3	03,04,02,17,19,06	6	1.95	1.72	0.92			
255	15:15:39+00:00	76.4 M	1	0.001	0	15:15:38+00:00	2024-06-19	A	3	03,04,02,17,19,06	6	1.95	1.72	0.92			
256	15:15:40+00:00	76.4 M	1	0	0	15:15:39+00:00	2024-06-19	A	3	03,04,02,17,19,06	6	1.95	1.72	0.92			
257	15:15:41+00:00	76.5 M	1	0	0	15:15:40+00:00	2024-06-19	A	3	03,04,02,17,19,06	6	1.95	1.72	0.92			
258	15:15:42+00:00	76.5 M	1	0.001	0	15:15:41+00:00	2024-06-19	A	3	03,04,02,17,19,06	6	1.95	1.72	0.92			
259	15:15:43+00:00	76.5 M	1	0	0	15:15:42+00:00	2024-06-19	A	3	03,04,02,17,19,06	6	1.95	1.72	0.92			
260	15:15:44+00:00	76.5 M	1	0	0	15:15:43+00:00	2024-06-19	A	3	03,04,02,17,19,06	6	1.95	1.72	0.92			
261	15:15:45+00:00	76.6 M	1	0	0	15:15:44+00:00	2024-06-19	A	3	03,04,02,17,19,06	6	1.95	1.71	0.92			
262	15:15:46+00:00	76.7 M	1	0	0	15:15:45+00:00	2024-06-19	A	3	03,04,02,17,19,06	6	1.95	1.71	0.92			
263	15:15:47+00:00	76.7 M	1	0.001	0	15:15:46+00:00	2024-06-19	A	3	03,04,02,17,19,06	6	1.95	1.71	0.92			
264	15:15:48+00:00	76.8 M	1	0	0	15:15:47+00:00	2024-06-19	A	3	03,04,02,17,19,06	6	1.95	1.71	0.92			
265	15:15:49+00:00	77.1 M	1	0	0	15:15:48+00:00	2024-06-19	A	3	03,04,02,17,19,06	6	1.95	1.71	0.92			
266	15:15:50+00:00	77.2 M	1	0	0	15:15:49+00:00	2024-06-19	A	3	03,04,02,17,19,06	6	1.95	1.71	0.92			
267	15:15:51+00:00	77.0 M	1	0	0	15:15:50+00:00	2024-06-19	A	3	03,04,02,17,19,06	6	1.95	1.71	0.92			
268	15:15:52+00:00	77.0 M	1	0	0	15:15:51+00:00	2024-06-19	A	3	03,04,02,17,19,06	6	1.95	1.71	0.92			
269	15:15:53+00:00	77.0 M	1	0.001	0	15:15:52+00:00	2024-06-19	A	3	03,04,02,17,19,06	6	1.95	1.71	0.92			
270	15:15:54+00:00	77.0 M	1	0	0	15:15:53+00:00	2024-06-19	A	3	03,04,02,17,19,06	6	1.95	1.71	0.92			
271	15:15:55+00:00	76.9 M	1	0.001	0	15:15:54+00:00	2024-06-19	A	3	03,04,02,17,19,06	6	1.95	1.71	0.92			
272	15:15:56+00:00	76.9 M	1	0	0	15:15:55+00:00	2024-06-19	A	3	03,04,02,17,19,06	6	1.95	1.71	0.92			
273	15:15:57+00:00	76.8 M	1	0.001	0	15:15:56+00:00	2024-06-19	A	3	03,04,02,17,19,06	6	1.94	1.71	0.92			
274	15:15:58+00:00	76.9 M	1	0	0	15:15:57+00:00	2024-06-19	A	3	03,04,02,17,19,06	6	1.94	1.71	0.92			
275	15:15:59+00:00	76.7 M	1	0.001	0	15:15:58+00:00	2024-06-19	A	3	03,04,02,17,19,06	6	1.94	1.71	0.92			
276	15:16:00+00:00	76.5 M	1	0	0	15:15:59+00:00	2024-06-19	A	3	03,04,02,17,19,06	6	1.94	1.71	0.92			
277	15:16:01+00:00	76.4 M	1	0	0	15:16:00+00:00	2024-06-19	A	3	03,04,02,17,19,06	6	1.94	1.71	0.92			
278	15:16:02+00:00	76.2 M	1	0	0	15:16:01+00:00	2024-06-19	A	3	03,04,02,17,19,06	6	1.94	1.71	0.92			
279	15:16:03+00:00	76.3 M	1	0.001	0	15:16:02+00:00	2024-06-19	A	3	03,04,02,17,19,06	6	1.94	1.71	0.92			
280	15:16:04+00:00	76.3 M	1	0	0	15:16:03+00:00	2024-06-19	A	3	03,04,02,17,19,06	6	1.94	1.71	0.92			
281	15:16:05+00:00	76.4 M	1	0	0	15:16:04+00:00	2024-06-19	A	3	03,04,02,17,19,06	6	1.94	1.71	0.92			
282	15:16:06+00:00	76.4 M	1	0	0	15:16:05+00:00	2024-06-19	A	3	03,04,02,17,19,06	6	1.94	1.71	0.92			
283	15:16:07+00:00	76.5 M	1	0	0	15:16:06+00:00	2024-06-19	A	3	03,04,02,17,19,06	6	1.94	1.71	0.92			
284	15:16:08+00:00	76.5 M	1	0.001	0	15:16:07+00:00	2024-06-19	A	3	03,04,02,17,19,06	6	1.94	1.71	0.92			
285	15:16:09+00:00	76.4 M	1	0	0	15:16:08+00:00	2024-06-19	A	3	03,04,02,17,19,06	6	1.94	1.71	0.92			
286	15:16:10+00:00	76.3 M	1	0	0	15:16:09+00:00	2024-06-19	A	3	03,04,02,17,19,06	6	1.94	1.71	0.92			
287	15:16:11+00:00	76.2 M	1	0.001	0	15:16:10+00:00	2024-06-19	A	3	03,04,02,17,19,06	6	1.94	1.71	0.92			
288	15:16:12+00:00	76.1 M	1	0.001	0	15:16:11+00:00	2024-06-19	A	3	03,04,02,17,19,06	6	1.94	1.71	0.92			
289	15:16:13+00:00	76.0 M	1	0.001	0	15:16:12+00:00	2024-06-19	A	3	03,04,02,17,19,06	6	1.94	1.71	0.92			
290	15:16:14+00:00	76.0 M	1	0	0	15:16:13+00:00	2024-06-19	A	3	03,04,02,17,19,06	6	1.94	1.71	0.92			
291	15:16:15+00:00	76.1 M	1	0	0	15:16:14+00:00	2024-06-19	A	3	03,04,02,17,19,06	6	1.94	1.71	0.92			
292	15:16:16+00:00	76.4 M	1	0	0	15:16:15+00:00	2024-06-19	A	3	03,04,02,17,19,06	6	1.94	1.71	0.92			
293	15:16:17+00:00	76.6 M	1	0.001	0	15:16:16+00:00	2024-06-19	A	3	03,04,02,17,19,06	6	1.94	1.71	0.92			
294	15:16:18+00:00	76.6 M	1	0	0	15:16:17+00:00	2024-06-19	A	3	03,04,02,17,19,06	6	1.94	1.71	0.92			
295	15:16:19+00:00	76.6 M	1	0.001	0	15:16:18+00:00	2024-06-19	A	3	03,04,02,17,19,06	6	1.94	1.71	0.92			
296	15:16:20+00:00	76.8 M	1	0	0	15:16:19+00:00	2024-06-19	A	3	03,04,02,17,19,06	6	1.94	1.71	0.92			
297	15:16:21+00:00	76.7 M	1	0	0	15:16:20+00:00	2024-06-19	A	3	03,04,02,17,19,06	6	1.94	1.71	0.92			
298	15:16:22+00:00	76.7 M	1	0.001	0	15:16:21+00:00	2024-06-19	A	3	03,04,02,17,19,06	6	1.94	1.71	0.92			
299	15:16:23+00:00	76.8 M	1	0	0	15:16:22+00:00	2024-06-19	A	3	03,04,02,17,19,06	6	1.94	1.71	0.92			
300	15:16:24+00:00	76.9 M	1	0	0	15:16:23+00:00	2024-06-19	A	3	03,04,02,17,19,06	6	1.94	1.71	0.92			
301	15:16:25+00:00	77.2 M	1	0	0	15:16:24+00:00	2024-06-19	A	3	03,04,02,17,19,06	6	1.94	1.71	0.92			
302	15:16:26+00:00	77.3 M	1	0.001	0	15:16:25+00:00	2024-06-19	A	3	03,04,02,17,19,06	6	1.94	1.71	0.92			
303	15:16:27+00:00	77.3 M	1	0	0	15:16:26+00:00	2024-06-19	A	3	03,04,02,17,19,06	6	1.94	1.71	0.92			
304	15:16:28+00:00	77.4 M	1	0	0	15:16:27+00:00	2024-06-19	A	3	03,04,02,17,19,06	6	1.94	1.71	0.92			
305	15:16:29+00:00	77.3 M	1	0.001	0	15:16:28+00:00	2024-06-19	A	3	03,04,02,17,19,06	6	1.94	1.71	0.92			
306	15:16:30+00:00	77.5 M	1	0	0	15:16:29+00:00	2024-06-19	A	3	03,04,02,17,19,06	6	1.94	1.71	0.92			
307	15:16:31+00:00	77.5 M	1	0	0	15:16:30+00:00	2024-06-19	A	3	03,04,02,17,19,06	6	1.94	1.71	0.92			
308	15:16:32+00:00	77.5 M	1	0	0	15:16:31+00:00	2024-06-19	A	3	03,04,02,17,19,06	6	1.94	1.71	0.92			
309	15:16:33+00:00	77.5 M	1	0	0	15:16:32+00:00	2024-06-19	A	3	03,04,02,17,19,06	6	1.94	1.7	0.92			
310	15:16:34+00:00	77.4 M	1	0	0	15:16:33+00:00	2024-06-19	A	3	03,04,02,17,19,06	6	1.94	1.7	0.92			
311	15:16:35+00:00	77.4 M	1	0	0	15:16:34+00:00	2024-06-19	A	3	03,04,02,17,19,06	6	1.94	1.7	0.92			
312	15:16:36+00:00	77.5 M	1	0	0	15:16:35+00:00	2024-06-19	A	3	03,04,02,17,19,06	6	1.94	1.7	0.92			
313	15:16:37+00:00	77.6 M	1	0	0	15:16:36+00:00	2024-06-19	A	3	03,04,02,17,19,06	6	1.94	1.7	0.92			
314	15:16:38+00:00	77.6 M	1	0	0	15:16:37+00:00	2024-06-19	A	3	03,04,02,17,19,06	6	1.94	1.7	0.92			
315	15:16:39+00:00	77.7 M	1	0	0	15:16:38+00:00	2024-06-19	A	3	03,04,02,17,19,06	6	1.94	1.7	0.92			
316	15:16:40+00:00	77.8 M	1	0	0	15:16:39+00:00	2024-06-19	A	3	03,04,02,17,19,06	6	1.94	1.7	0.92			
317	15:16:41+00:00	78.0 M	1	0	0	15:16:40+00:00	2024-06-19	A	3	03,04,02,17,19,06	6	1.94	1.7	0.92			
318	15:16:42+00:00	78.0 M	1	0	0	15:16:41+00:00	2024-06-19	A	3	03,04,02,17,19,06	6	1.94	1.7	0.92			
319	15:16:43+00:00	77.9 M	1	0	0	15:16:42+00:00	2024-06-19	A	3	03,04,02,17,19,06	6	1.94	1.7	0.92			
320	15:16:44+00:00	78.0 M	1	0	0	15:16:43+00:00	2024-06-19	A	3	03,04,02,17,19,06	6	1.94	1.7	0.92			
321	15:16:45+00:00	78.1 M	1	0	0	15:16:44+00:00	2024-06-19	A	3	03,04,02,17,19,06	6	1.94	1.7	0.92			
322	15:16:46+00:00	77.9 M	1	0	0	15:16:45+00:00	2024-06-19	A	3	03,04,02,17,19,06	6	1.94	1.7	0.92			
323	15:16:47+00:00	77.9 M	1	0	0	15:16:46+00:00	2024-06-19	A	3	03,04,02,17,19,06	6	1.94	1.7	0.92			
324	15:16:48+00:00	78.0 M	1	0.001	0	15:16:47+00:00	2024-06-19	A	3	03,04,02,17,19,06	6	1.94	1.7	0.92			
325	15:16:49+00:00	77.8 M	1	0	0	15:16:48+00:00	2024-06-19	A	3	03,04,02,17,19,06	6	1.94	1.7	0.92			
326	15:16:50+00:00	77.7 M	1	0	0	15:16:49+00:00	2024-06-19	A	3	03,04,02,17,19,06	6	1.94	1.7	0.92			
327	15:16:51+00:00	77.7 M	1	0.001	0	15:16:50+00:00	2024-06-19	A	3	03,04,02,17,19,06	6	1.94	1.7	0.92			
328	15:16:52+00:00	77.6 M	1	0.001	0	15:16:51+00:00	2024-06-19	A	3	03,04,02,17,19,06	6	1.94	1.7	0.92			
329	15:16:53+00:00	77.6 M	1	0	0	15:16:52+00:00	2024-06-19	A	3	03,04,02,17,19,06	6	1.94	1.7	0.92			
330	15:16:54+00:00	77.6 M	1	0	0	15:16:53+00:00	2024-06-19	A	3	03,04,02,17,19,06	6	1.94	1.7	0.92			
331	15:16:55+00:00	77.6 M	1	0	0	15:16:54+00:00	2024-06-19	A	3	03,04,02,17,19,06	6	1.94	1.7	0.92			
332	15:16:56+00:00	77.7 M	1	0	0	15:16:55+00:00	2024-06-19	A	3	03,04,02,17,19,06	6	1.94	1.7	0.92			
333	15:16:57+00:00	77.6 M	1	0	0	15:16:56+00:00	2024-06-19	A	3	03,04,02,17,19,06	6	1.93	1.7	0.92			
334	15:16:58+00:00	77.6 M	1	0	0	15:16:57+00:00	2024-06-19	A	3	03,04,02,17,19,06	6	1.93	1.7	0.92			
335	15:16:59+00:00	77.5 M	1	0	0	15:16:58+00:00	2024-06-19	A	3	03,04,02,17,19,06	6	1.93	1.7	0.92			
336	15:17:00+00:00	77.5 M	1	0	0	15:16:59+00:00	2024-06-19	A	3	03,04,02,17,19,06	6	1.93	1.7	0.92			
337	15:17:01+00:00	77.4 M	1	0	0	15:17:00+00:00	2024-06-19	A	3	03,04,02,17,19,06	6	1.93	1.7	0.92			
338	15:17:02+00:00	77.5 M	1	0.001	0	15:17:01+00:00	2024-06-19	A	3	03,04,02,17,19,06	6	1.93	1.7	0.92			
339	15:17:03+00:00	77.4 M	1	0.001	0	15:17:02+00:00	2024-06-19	A	3	03,04,02,17,19,06	6	1.93	1.7	0.92			
340	15:17:04+00:00	77.4 M	1	0	0	15:17:03+00:00	2024-06-19	A	3	03,04,02,17,19,06	6	1.93	1.7	0.92			
341	15:17:05+00:00	77.4 M	1	0	0	15:17:04+00:00	2024-06-19	A	3	03,04,02,17,19,06	6	1.93	1.7	0.92			
342	15:17:06+00:00	77.5 M	1	0	0	15:17:05+00:00	2024-06-19	A	3	03,04,02,17,19,06	6	1.93	1.7	0.92			
343	15:17:07+00:00	77.6 M	1	0	0	15:17:06+00:00	2024-06-19	A	3	03,04,02,17,19,06	6	1.93	1.7	0.92			
344	15:17:08+00:00	77.6 M	1	0	0	15:17:07+00:00	2024-06-19	A	3	03,04,02,17,19,06	6	1.93	1.7	0.92			
345	15:17:09+00:00	77.5 M	1	0	0	15:17:08+00:00	2024-06-19	A	3	03,04,02,17,19,06	6	1.93	1.7	0.92			
346	15:17:10+00:00	77.4 M	1	0	0	15:17:09+00:00	2024-06-19	A	3	03,04,02,17,19,06	6	1.93	1.7	0.92			
347	15:17:11+00:00	77.4 M	1	0	0	15:17:10+00:00	2024-06-19	A	3	03,04,02,17,19,06	6	1.93	1.7	0.92			
348	15:17:12+00:00	77.4 M	1	0.001	0	15:17:11+00:00	2024-06-19	A	3	03,04,02,17,19,06	6	1.93	1.7	0.92			
349	15:17:13+00:00	77.5 M	1	0.001	0	15:17:12+00:00	2024-06-19	A	3	03,04,02,17,19,06	6	1.93	1.7	0.92			
350	15:17:14+00:00	77.5 M	1	0	0	15:17:13+00:00	2024-06-19	A	3	03,04,02,17,19,06	6	1.93	1.7	0.92			
351	15:17:15+00:00	77.5 M	1	0.001	0	15:17:14+00:00	2024-06-19	A	3	03,04,02,17,19,06	6	1.93	1.7	0.92			
352	15:17:16+00:00	77.4 M	1	0	0	15:17:15+00:00	2024-06-19	A	3	03,04,02,17,19,06	6	1.93	1.7	0.92			
353	15:17:17+00:00	77.4 M	1	0	0	15:17:16+00:00	2024-06-19	A	3	03,04,02,17,19,06	6	1.93	1.7	0.92			
354	15:17:18+00:00	77.2 M	1	0	0	15:17:17+00:00	2024-06-19	A	3	03,04,02,17,19,06	6	1.93	1.7	0.92			
355	15:17:19+00:00	77.1 M	1	0	0	15:17:18+00:00	2024-06-19	A	3	03,04,02,17,19,06	6	1.93	1.7	0.92			
356	15:17:20+00:00	77.0 M	1	0	0	15:17:19+00:00	2024-06-19	A	3	03,04,02,17,19,06	6	1.93	1.7	0.92			
357	15:17:21+00:00	76.9 M	1	0	0	15:17:20+00:00	2024-06-19	A	3	03,04,02,17,19,06	6	1.93	1.7	0.92			
358	15:17:22+00:00	77.0 M	1	0	0	15:17:21+00:00	2024-06-19	A	3	03,04,02,17,19,06	6	1.93	1.7	0.92			
359	15:17:23+00:00	76.9 M	1	0.001	0	15:17:22+00:00	2024-06-19	A	3	03,04,02,17,19,06	6	1.93	1.7	0.92			
360	15:17:24+00:00	76.9 M	1	0	0	15:17:23+00:00	2024-06-19	A	3	03,04,02,17,19,06	6	1.93	1.7	0.92			
361	15:17:25+00:00	76.9 M	1	0	0	15:17:24+00:00	2024-06-19	A	3	03,04,02,17,19,06	6	1.93	1.7	0.92			
362	15:17:26+00:00	76.8 M	1	0	0	15:17:25+00:00	2024-06-19	A	3	03,04,02,17,19,06	6	1.93	1.7	0.92			
363	15:17:27+00:00	76.8 M	1	0	0	15:17:26+00:00	2024-06-19	A	3	03,04,02,17,19,06	6	1.93	1.69	0.92			
364	15:17:28+00:00	76.7 M	1	0	0	15:17:27+00:00	2024-06-19	A	3	03,04,02,17,19,06	6	1.93	1.69	0.92			
365	15:17:29+00:00	76.9 M	1	0	0	15:17:28+00:00	2024-06-19	A	3	03,04,02,17,19,06	6	1.93	1.69	0.92			
366	15:17:30+00:00	76.8 M	1	0	0	15:17:29+00:00	2024-06-19	A	3	03,04,02,17,19,06	6	1.93	1.69	0.92			
367	15:17:31+00:00	76.5 M	1	0	0	15:17:30+00:00	2024-06-19	A	3	03,04,02,17,19,06	6	1.93	1.69	0.92			
368	15:17:32+00:00	76.4 M	1	0.001	0	15:17:31+00:00	2024-06-19	A	3	03,04,02,17,19,06	6	1.93	1.69	0.92			
369	15:17:33+00:00	76.3 M	1	0	0	15:17:32+00:00	2024-06-19	A	3	03,04,02,17,19,06	6	1.93	1.69	0.92			
370	15:17:34+00:00	76.2 M	1	0	0	15:17:33+00:00	2024-06-19	A	3	03,04,02,17,19,06	6	1.93	1.69	0.92			
371	15:17:35+00:00	76.2 M	1	0	0	15:17:34+00:00	2024-06-19	A	3	03,04,02,17,19,06	6	1.93	1.69	0.92			
372	15:17:36+00:00	76.2 M	1	0	0	15:17:35+00:00	2024-06-19	A	3	03,04,02,17,19,06	6	1.93	1.69	0.92			
373	15:17:37+00:00	76.1 M	1	0	0	15:17:36+00:00	2024-06-19	A	3	03,04,02,17,19,06	6	1.93	1.69	0.92			
374	15:17:38+00:00	76.1 M	1	0	0	15:17:37+00:00	2024-06-19	A	3	03,04,02,17,19,06	6	1.93	1.69	0.92			
375	15:17:39+00:00	76.0 M	1	0	0	15:17:38+00:00	2024-06-19	A	3	03,04,02,17,19,06	6	1.93	1.69	0.92			
376	15:17:40+00:00	75.9 M	1	0	0	15:17:39+00:00	2024-06-19	A	3	03,04,02,17,19,06	6	1.93	1.69	0.92			
377	15:17:41+00:00	76.0 M	1	0	0	15:17:40+00:00	2024-06-19	A	3	03,04,02,17,19,06	6	1.93	1.69	0.92			
378	15:17:42+00:00	76.1 M	1	0	0	15:17:41+00:00	2024-06-19	A	3	03,04,02,17,19,06	6	1.93	1.69	0.92			
379	15:17:43+00:00	76.2 M	1	0	0	15:17:42+00:00	2024-06-19	A	3	03,04,02,17,19,06	6	1.93	1.69	0.92			
380	15:17:44+00:00	76.2 M	1	0.001	0	15:17:43+00:00	2024-06-19	A	3	03,04,02,17,19,06	6	1.93	1.69	0.92			
381	15:17:45+00:00	76.1 M	1	0	0	15:17:44+00:00	2024-06-19	A	3	03,04,02,17,19,06	6	1.93	1.69	0.92			
382	15:17:46+00:00	76.1 M	1	0	0	15:17:45+00:00	2024-06-19	A	3	03,04,02,17,19,06	6	1.93	1.69	0.92			
383	15:17:47+00:00	76.0 M	1	0	0	15:17:46+00:00	2024-06-19	A	3	03,04,02,17,19,06	6	1.93	1.69	0.92			
384	15:17:48+00:00	76.0 M	1	0	0	15:17:47+00:00	2024-06-19	A	3	03,04,02,17,19,06	6	1.93	1.69	0.92			
385	15:17:49+00:00	75.8 M	1	0	0	15:17:48+00:00	2024-06-19	A	3	03,04,02,17,19,06	6	1.93	1.69	0.92			
386	15:17:50+00:00	75.8 M	1	0	0	15:17:49+00:00	2024-06-19	A	3	03,04,02,17,19,06	6	1.93	1.69	0.92			
387	15:17:51+00:00	75.7 M	1	0	0	15:17:50+00:00	2024-06-19	A	3	03,04,02,17,19,06	6	1.92	1.69	0.92			
388	15:17:52+00:00	75.6 M	1	0	0	15:17:51+00:00	2024-06-19	A	3	03,04,02,17,19,06	6	1.92	1.69	0.92			
389	15:17:53+00:00	75.5 M	1	0	0	15:17:52+00:00	2024-06-19	A	3	03,04,02,17,19,06	6	1.92	1.69	0.92			
390	15:17:54+00:00	75.5 M	1	0	0	15:17:53+00:00	2024-06-19	A	3	03,04,02,17,19,06	6	1.92	1.69	0.92			
391	15:17:55+00:00	75.4 M	1	0	0	15:17:54+00:00	2024-06-19	A	3	03,04,02,17,19,06	6	1.92	1.69	0.92			
392	15:17:56+00:00	75.3 M	1	0	0	15:17:55+00:00	2024-06-19	A	3	03,04,02,17,19,06	6	1.92	1.69	0.92			
393	15:17:57+00:00	75.3 M	1	0	0	15:17:56+00:00	2024-06-19	A	3	03,04,02,17,19,06	6	1.92	1.69	0.92			
394	15:17:58+00:00	75.2 M	1	0	0	15:17:57+00:00	2024-06-19	A	3	03,04,02,17,19,06	6	1.92	1.69	0.92			
395	15:17:59+00:00	75.1 M	1	0	0	15:17:58+00:00	2024-06-19	A	3	03,04,02,17,19,06	6	1.92	1.69	0.92			
396	15:18:00+00:00	75.1 M	1	0	0	15:17:59+00:00	2024-06-19	A	3	03,04,02,17,19,06	6	1.92	1.69	0.92			
397	15:18:01+00:00	75.0 M	1	0	0	15:18:00+00:00	2024-06-19	A	3	03,04,02,17,19,06	6	1.92	1.69	0.92			
398	15:18:02+00:00	75.0 M	1	0	0	15:18:01+00:00	2024-06-19	A	3	03,04,02,17,19,06	6	1.92	1.69	0.92			
399	15:18:03+00:00	74.9 M	1	0	0	15:18:02+00:00	2024-06-19	A	3	03,04,02,17,19,06	6	1.92	1.69	0.92			
400	15:18:04+00:00	74.8 M	1	0	0	15:18:03+00:00	2024-06-19	A	3	03,04,02,17,19,06	6	1.92	1.69	0.92			
401	15:18:05+00:00	74.6 M	1	0	0	15:18:04+00:00	2024-06-19	A	3	03,04,02,17,19,06	6	1.92	1.69	0.92			
402	15:18:06+00:00	74.6 M	1	0	0	15:18:05+00:00	2024-06-19	A	3	03,04,02,17,19,06	6	1.92	1.69	0.92			
403	15:18:07+00:00	74.5 M	1	0.001	0	15:18:06+00:00	2024-06-19	A	3	03,04,02,17,19,06	6	1.92	1.69	0.92			
404	15:18:08+00:00	74.4 M	1	0	0	15:18:07+00:00	2024-06-19	A	3	03,04,02,17,19,06	6	1.92	1.69	0.92			
405	15:18:09+00:00	74.4 M	1	0	0	15:18:08+00:00	2024-06-19	A	3	03,04,02,17,19,06	6	1.92	1.69	0.92			
406	15:18:10+00:00	74.4 M	1	0	0	15:18:09+00:00	2024-06-19	A	3	03,04,02,17,19,06	6	1.92	1.69	0.92			
407	15:18:11+00:00	74.3 M	1	0	0	15:18:10+00:00	2024-06-19	A	3	03,04,02,17,19,06	6	1.92	1.69	0.92			
408	15:18:12+00:00	74.2 M	1	0	0	15:18:11+00:00	2024-06-19	A	3	03,04,02,17,19,06	6	1.92	1.69	0.92			
409	15:18:13+00:00	74.1 M	1	0	0	15:18:12+00:00	2024-06-19	A	3	03,04,02,17,19,06	6	1.92	1.69	0.92			
410	15:18:14+00:00	74.1 M	1	0	0	15:18:13+00:00	2024-06-19	A	3	03,04,02,17,19,06	6	1.92	1.69	0.92			
411	15:18:15+00:00	74.3 M	1	0	0	15:18:14+00:00	2024-06-19	A	3	03,04,02,17,19,06	6	1.92	1.69	0.92			
412	15:18:16+00:00	74.2 M	1	0	0	15:18:15+00:00	2024-06-19	A	3	03,04,02,17,19,06	6	1.92	1.69	0.92			
413	15:18:17+00:00	73.9 M	1	0	0	15:18:16+00:00	2024-06-19	A	3	03,04,02,17,19,06	6	1.92	1.69	0.92			
414	15:18:18+00:00	73.9 M	1	0.001	0	15:18:17+00:00	2024-06-19	A	3	03,04,02,17,19,06	6	1.92	1.69	0.92			
415	15:18:19+00:00	73.7 M	1	0	0	15:18:18+00:00	2024-06-19	A	3	03,04,02,17,19,06	6	1.92	1.69	0.92			
416	15:18:20+00:00	73.5 M	1	0	0	15:18:19+00:00	2024-06-19	A	3	03,04,02,17,19,06	6	1.92	1.69	0.92			
417	15:18:21+00:00	73.7 M	1	0	0	15:18:20+00:00	2024-06-19	A	3	03,04,02,17,19,06	6	1.92	1.68	0.92			
418	15:18:22+00:00	73.5 M	1	0	0	15:18:21+00:00	2024-06-19	A	3	03,04,02,17,19,06	6	1.92	1.68	0.92			
419	15:18:23+00:00	73.6 M	1	0	0	15:18:22+00:00	2024-06-19	A	3	03,04,02,17,19,06	6	1.92	1.68	0.92			
420	15:18:24+00:00	73.4 M	1	0.001	0	15:18:23+00:00	2024-06-19	A	3	03,04,02,17,19,06	6	1.92	1.68	0.92			
421	15:18:25+00:00	73.4 M	1	0	0	15:18:24+00:00	2024-06-19	A	3	03,04,02,17,19,06	6	1.92	1.68	0.92			
422	15:18:26+00:00	73.4 M	1	0	0	15:18:25+00:00	2024-06-19	A	3	03,04,02,17,19,06	6	1.92	1.68	0.92			
423	15:18:27+00:00	73.4 M	1	0	0	15:18:26+00:00	2024-06-19	A	3	03,04,02,17,19,06	6	1.92	1.68	0.92			
424	15:18:28+00:00	73.2 M	1	0	0	15:18:27+00:00	2024-06-19	A	3	03,04,02,17,19,06	6	1.92	1.68	0.92			
425	15:18:29+00:00	73.1 M	1	0	0	15:18:28+00:00	2024-06-19	A	3	03,04,02,17,19,06	6	1.92	1.68	0.92			
426	15:18:30+00:00	73.1 M	1	0	0	15:18:29+00:00	2024-06-19	A	3	03,04,02,17,19,06	6	1.92	1.68	0.92			
427	15:18:31+00:00	73.0 M	1	0	0	15:18:30+00:00	2024-06-19	A	3	03,04,02,17,19,06	6	1.92	1.68	0.92			
428	15:18:32+00:00	73.0 M	1	0	0	15:18:31+00:00	2024-06-19	A	3	03,04,02,17,19,06	6	1.92	1.68	0.92			
429	15:18:33+00:00	73.2 M	1	0	0	15:18:32+00:00	2024-06-19	A	3	03,04,02,17,19,06	6	1.92	1.68	0.92			
430	15:18:34+00:00	73.0 M	1	0	0	15:18:33+00:00	2024-06-19	A	3	03,04,02,17,19,06	6	1.92	1.68	0.92			
431	15:18:35+00:00	72.7 M	1	0	0	15:18:34+00:00	2024-06-19	A	3	03,04,02,17,19,06	6	1.92	1.68	0.92			
432	15:18:36+00:00	72.5 M	1	0	0	15:18:35+00:00	2024-06-19	A	3	03,04,02,17,19,06	6	1.92	1.68	0.92			
433	15:18:37+00:00	72.2 M	1	0	0	15:18:36+00:00	2024-06-19	A	3	03,04,02,17,19,06	6	1.92	1.68	0.92			
434	15:18:38+00:00	72.2 M	1	0	0	15:18:37+00:00	2024-06-19	A	3	03,04,02,17,19,06	6	1.92	1.68	0.92			
435	15:18:39+00:00	72.0 M	1	0	0	15:18:38+00:00	2024-06-19	A	3	03,04,02,17,19,06	6	1.92	1.68	0.92			
436	15:18:40+00:00	71.6 M	1	0.001	0	15:18:39+00:00	2024-06-19	A	3	03,04,02,17,19,06	6	1.92	1.68	0.92			
437	15:18:41+00:00	71.5 M	1	0	0	15:18:40+00:00	2024-06-19	A	3	03,04,02,17,19,06	6	1.92	1.68	0.92			
438	15:18:42+00:00	71.5 M	1	0	0	15:18:41+00:00	2024-06-19	A	3	03,04,02,17,19,06	6	1.92	1.68	0.92			
439	15:18:43+00:00	71.2 M	1	0	0	15:18:42+00:00	2024-06-19	A	3	03,04,02,17,19,06	6	1.92	1.68	0.92			
440	15:18:44+00:00	71.3 M	1	0	0	15:18:43+00:00	2024-06-19	A	3	03,04,02,17,19,06	6	1.92	1.68	0.92			
441	15:18:45+00:00	71.2 M	1	0	0	15:18:44+00:00	2024-06-19	A	3	03,04,02,17,19,06	6	1.92	1.68	0.92			
442	15:18:46+00:00	71.4 M	1	0	0	15:18:45+00:00	2024-06-19	A	3	03,04,02,17,19,06	6	1.92	1.68	0.92			
443	15:18:47+00:00	71.5 M	1	0	0	15:18:46+00:00	2024-06-19	A	3	03,04,02,17,19,06	6	1.92	1.68	0.92			
444	15:18:48+00:00	71.6 M	1	0	0	15:18:47+00:00	2024-06-19	A	3	03,04,02,17,19,06	6	1.92	1.68	0.92			
445	15:18:49+00:00	71.5 M	1	0	0	15:18:48+00:00	2024-06-19	A	3	03,04,02,17,19,06	6	1.92	1.68	0.92			
446	15:18:50+00:00	71.6 M	1	0	0	15:18:49+00:00	2024-06-19	A	3	03,04,02,17,19,06	6	1.92	1.68	0.92			
447	15:18:51+00:00	71.5 M	1	0	0	15:18:50+00:00	2024-06-19	A	3	03,04,02,17,19,06	6	1.91	1.68	0.92			
448	15:18:52+00:00	71.5 M	1	0	0	15:18:51+00:00	2024-06-19	A	3	03,04,02,17,19,06	6	1.91	1.68	0.92			
449	15:18:53+00:00	71.5 M	1	0	0	15:18:52+00:00	2024-06-19	A	3	03,04,02,17,19,06	6	1.91	1.68	0.92			
450	15:18:54+00:00	71.5 M	1	0	0	15:18:53+00:00	2024-06-19	A	3	03,04,02,17,19,06	6	1.91	1.68	0.92			
451	15:18:55+00:00	71.5 M	1	0	0	15:18:54+00:00	2024-06-19	A	3	03,04,02,17,19,06	6	1.91	1.68	0.92			
452	15:18:56+00:00	71.4 M	1	0	0	15:18:55+00:00	2024-06-19	A	3	03,04,02,17,19,06	6	1.91	1.68	0.92			
453	15:18:57+00:00	71.4 M	1	0	0	15:18:56+00:00	2024-06-19	A	3	03,04,02,17,19,06	6	1.91	1.68	0.92			
454	15:18:58+00:00	71.4 M	1	0	0	15:18:57+00:00	2024-06-19	A	3	03,04,02,17,19,06	6	1.91	1.68	0.92			
455	15:18:59+00:00	71.5 M	1	0	0	15:18:58+00:00	2024-06-19	A	3	03,04,02,17,19,06	6	1.91	1.68	0.92			
456	15:19:00+00:00	71.4 M	1	0	0	15:18:59+00:00	2024-06-19	A	3	03,04,02,17,19,06	6	1.91	1.68	0.92			
457	15:19:01+00:00	71.4 M	1	0	0	15:19:00+00:00	2024-06-19	A	3	03,04,02,17,19,06	6	1.91	1.68	0.92			
458	15:19:02+00:00	71.5 M	1	0	0	15:19:01+00:00	2024-06-19	A	3	03,04,02,17,19,06	6	1.91	1.68	0.92			
459	15:19:03+00:00	71.9 M	1	0	0	15:19:02+00:00	2024-06-19	A	3	03,04,02,17,19,06	6	1.91	1.68	0.92			
460	15:19:04+00:00	72.0 M	1	0	0	15:19:03+00:00	2024-06-19	A	3	03,04,02,17,19,06	6	1.91	1.68	0.92			
461	15:19:05+00:00	72.0 M	1	0	0	15:19:04+00:00	2024-06-19	A	3	03,04,02,17,19,06	6	1.91	1.68	0.92			
462	15:19:06+00:00	72.0 M	1	0	0	15:19:05+00:00	2024-06-19	A	3	03,04,02,17,19,06	6	1.91	1.68	0.92			
463	15:19:07+00:00	72.0 M	1	0	0	15:19:06+00:00	2024-06-19	A	3	03,04,02,17,19,06	6	1.91	1.68	0.92			
464	15:19:08+00:00	72.1 M	1	0	0	15:19:07+00:00	2024-06-19	A	3	03,04,02,17,19,06	6	1.91	1.68	0.92			
465	15:19:09+00:00	72.1 M	1	0	0	15:19:08+00:00	2024-06-19	A	3	03,04,02,17,19,06	6	1.91	1.68	0.92			
466	15:19:10+00:00	72.2 M	1	0	0	15:19:09+00:00	2024-06-19	A	3	03,04,02,17,19,06	6	1.91	1.68	0.92			
467	15:19:11+00:00	72.3 M	1	0	0	15:19:10+00:00	2024-06-19	A	3	03,04,02,17,19,06	6	1.91	1.68	0.92			
468	15:19:12+00:00	72.3 M	1	0	0	15:19:11+00:00	2024-06-19	A	3	03,04,02,17,19,06	6	1.91	1.68	0.92			
469	15:19:13+00:00	72.3 M	1	0	0	15:19:12+00:00	2024-06-19	A	3	03,04,02,17,19,06	6	1.91	1.68	0.92			
470	15:19:14+00:00	72.3 M	1	0	0	15:19:13+00:00	2024-06-19	A	3	03,04,02,17,19,06	6	1.91	1.68	0.92			
471	15:19:15+00:00	72.0 M	1	0	0	15:19:14+00:00	2024-06-19	A	3	03,04,02,17,19,06	6	1.91	1.67	0.92			
472	15:19:16+00:00	72.0 M	1	0	0	15:19:15+00:00	2024-06-19	A	3	03,04,02,17,19,06	6	1.91	1.67	0.92			
473	15:19:17+00:00	71.8 M	1	0	0	15:19:16+00:00	2024-06-19	A	3	03,04,02,17,19,06	6	1.91	1.67	0.92			
474	15:19:18+00:00	71.9 M	1	0	0	15:19:17+00:00	2024-06-19	A	3	03,04,02,17,19,06	6	1.91	1.67	0.92			
475	15:19:19+00:00	71.7 M	1	0	0	15:19:18+00:00	2024-06-19	A	3	03,04,02,17,19,06	6	1.91	1.67	0.92			
476	15:19:20+00:00	71.6 M	1	0	0	15:19:19+00:00	2024-06-19	A	3	03,04,02,17,19,06	6	1.91	1.67	0.92			
477	15:19:21+00:00	71.7 M	1	0	0	15:19:20+00:00	2024-06-19	A	3	03,04,02,17,19,06	6	1.91	1.67	0.92			
478	15:19:22+00:00	71.7 M	1	0	0	15:19:21+00:00	2024-06-19	A	3	03,04,02,17,19,06	6	1.91	1.67	0.92			
479	15:19:23+00:00	71.6 M	1	0	0	15:19:22+00:00	2024-06-19	A	3	03,04,02,17,19,06	6	1.91	1.67	0.92			
480	15:19:24+00:00	71.6 M	1	0	0	15:19:23+00:00	2024-06-19	A	3	03,04,02,17,19,06	6	1.91	1.67	0.92			
481	15:19:25+00:00	71.5 M	1	0	0	15:19:24+00:00	2024-06-19	A	3	03,04,02,17,19,06	6	1.91	1.67	0.92			
482	15:19:26+00:00	71.5 M	1	0	0	15:19:25+00:00	2024-06-19	A	3	03,04,02,17,19,06	6	1.91	1.67	0.92			
483	15:19:27+00:00	71.6 M	1	0	0	15:19:26+00:00	2024-06-19	A	3	03,04,02,17,19,06	6	1.91	1.67	0.92			
484	15:19:28+00:00	71.8 M	1	0	0	15:19:27+00:00	2024-06-19	A	3	03,04,02,17,19,06	6	1.91	1.67	0.92			
485	15:19:29+00:00	71.9 M	1	0	0	15:19:28+00:00	2024-06-19	A	3	03,04,02,17,19,06	6	1.91	1.67	0.92			
486	15:19:30+00:00	71.9 M	1	0	0	15:19:29+00:00	2024-06-19	A	3	03,04,02,17,19,06	6	1.91	1.67	0.92			
487	15:19:31+00:00	72.0 M	1	0	0	15:19:30+00:00	2024-06-19	A	3	03,04,02,17,19,06	6	1.91	1.67	0.92			
488	15:19:32+00:00	72.1 M	1	0	0	15:19:31+00:00	2024-06-19	A	3	03,04,02,17,19,06	6	1.91	1.67	0.92			
489	15:19:33+00:00	72.3 M	1	0	0	15:19:32+00:00	2024-06-19	A	3	03,04,02,17,19,06	6	1.91	1.67	0.92			
490	15:19:34+00:00	72.2 M	1	0	0	15:19:33+00:00	2024-06-19	A	3	03,04,02,17,19,06	6	1.91	1.67	0.92			
491	15:19:35+00:00	72.2 M	1	0	0	15:19:34+00:00	2024-06-19	A	3	03,04,02,17,19,06	6	1.91	1.67	0.92			
492	15:19:36+00:00	72.4 M	1	0	0	15:19:35+00:00	2024-06-19	A	3	03,04,02,17,19,06	6	1.91	1.67	0.92			
493	15:19:37+00:00	72.5 M	1	0	0	15:19:36+00:00	2024-06-19	A	3	03,04,02,17,19,06	6	1.91	1.67	0.92			
494	15:19:38+00:00	72.6 M	1	0	0	15:19:37+00:00	2024-06-19	A	3	03,04,02,17,19,06	6	1.91	1.67	0.92			
495	15:19:39+00:00	72.8 M	1	0	0	15:19:38+00:00	2024-06-19	A	3	03,04,02,17,19,06	6	1.91	1.67	0.92			
496	15:19:40+00:00	72.8 M	1	0	0	15:19:39+00:00	2024-06-19	A	3	03,04,02,17,19,06	6	1.91	1.67	0.92			
497	15:19:41+00:00	72.8 M	1	0.001	0	15:19:40+00:00	2024-06-19	A	3	03,04,02,17,19,06	6	1.91	1.67	0.92			
498	15:19:42+00:00	72.9 M	1	0	0	15:19:41+00:00	2024-06-19	A	3	03,04,02,17,19,06	6	1.91	1.67	0.92			
499	15:19:43+00:00	73.0 M	1	0	0	15:19:42+00:00	2024-06-19	A	3	03,04,02,17,19,06	6	1.91	1.67	0.92			
500	15:19:44+00:00	73.2 M	1	0	0	15:19:43+00:00	2024-06-19	A	3	03,04,02,17,19,06	6	1.91	1.67	0.92			
501	15:19:45+00:00	73.2 M	1	0	0	15:19:44+00:00	2024-06-19	A	3	03,04,02,17,19,06	6	1.91	1.67	0.92			
502	15:19:46+00:00	73.3 M	1	0	0	15:19:45+00:00	2024-06-19	A	3	03,04,02,17,19,06	6	1.91	1.67	0.92			
503	15:19:47+00:00	73.5 M	1	0	0	15:19:46+00:00	2024-06-19	A	3	03,04,02,17,19,06	6	1.91	1.67	0.92			
504	15:19:48+00:00	73.5 M	1	0	0	15:19:47+00:00	2024-06-19	A	3	03,04,02,17,19,06	6	1.91	1.67	0.92			
505	15:19:49+00:00	73.6 M	1	0	0	15:19:48+00:00	2024-06-19	A	3	03,04,02,17,19,06	6	1.91	1.67	0.92			
506	15:19:50+00:00	73.5 M	1	0	0	15:19:49+00:00	2024-06-19	A	3	03,04,02,17,19,06	6	1.91	1.67	0.92			
507	15:19:51+00:00	73.6 M	1	0	0	15:19:50+00:00	2024-06-19	A	3	03,04,02,17,19,06	6	1.91	1.67	0.92			
508	15:19:52+00:00	73.5 M	1	0.001	0	15:19:51+00:00	2024-06-19	A	3	03,04,02,17,19,06	6	1.91	1.67	0.92			
509	15:19:53+00:00	73.6 M	1	0	0	15:19:52+00:00	2024-06-19	A	3	03,04,02,17,19,06	6	1.91	1.67	0.92			
510	15:19:54+00:00	73.6 M	1	0	0	15:19:53+00:00	2024-06-19	A	3	03,04,02,17,19,06	6	1.91	1.67	0.92			
511	15:19:55+00:00	73.6 M	1	0	0	15:19:54+00:00	2024-06-19	A	3	03,04,02,17,19,06	6	1.91	1.67	0.92			
512	15:19:56+00:00	73.7 M	1	0	0	15:19:55+00:00	2024-06-19	A	3	03,04,02,17,19,06	6	1.91	1.67	0.92			
513	15:19:57+00:00	73.5 M	1	0	0	15:19:56+00:00	2024-06-19	A	3	03,04,02,17,19,06	6	1.9	1.67	0.92			
514	15:19:58+00:00	73.7 M	1	0	0	15:19:57+00:00	2024-06-19	A	3	03,04,02,17,19,06	6	1.9	1.67	0.92			
515	15:19:59+00:00	73.8 M	1	0	0	15:19:58+00:00	2024-06-19	A	3	03,04,02,17,19,06	6	1.9	1.67	0.92			
516	15:20:00+00:00	73.8 M	1	0	0	15:19:59+00:00	2024-06-19	A	3	03,04,02,17,19,06	6	1.9	1.67	0.92			
517	15:20:01+00:00	73.8 M	1	0	0	15:20:00+00:00	2024-06-19	A	3	03,04,02,17,19,06	6	1.9	1.67	0.92			
518	15:20:02+00:00	73.9 M	1	0	0	15:20:01+00:00	2024-06-19	A	3	03,04,02,17,19,06	6	1.9	1.67	0.92			
519	15:20:03+00:00	74.0 M	1	0	0	15:20:02+00:00	2024-06-19	A	3	03,04,02,17,19,06	6	1.9	1.67	0.92			
520	15:20:04+00:00	74.1 M	1	0	0	15:20:03+00:00	2024-06-19	A	3	03,04,02,17,19,06	6	1.9	1.67	0.92			
521	15:20:05+00:00	74.1 M	1	0	0	15:20:04+00:00	2024-06-19	A	3	03,04,02,17,19,06	6	1.9	1.67	0.92			
522	15:20:06+00:00	74.1 M	1	0	0	15:20:05+00:00	2024-06-19	A	3	03,04,02,17,19,06	6	1.9	1.67	0.92			
523	15:20:07+00:00	74.1 M	1	0	0	15:20:06+00:00	2024-06-19	A	3	03,04,02,17,19,06	6	1.9	1.67	0.92			
524	15:20:08+00:00	74.2 M	1	0	0	15:20:07+00:00	2024-06-19	A	3	03,04,02,17,19,06	6	1.9	1.67	0.92			
525	15:20:09+00:00	74.2 M	1	0	0	15:20:08+00:00	2024-06-19	A	3	03,04,02,17,19,06	6	1.9	1.66	0.92			
526	15:20:10+00:00	74.3 M	1	0	0	15:20:09+00:00	2024-06-19	A	3	03,04,02,17,19,06	6	1.9	1.66	0.92			
527	15:20:11+00:00	74.3 M	1	0	0	15:20:10+00:00	2024-06-19	A	3	03,04,02,17,19,06	6	1.9	1.66	0.92			
528	15:20:12+00:00	74.1 M	1	0	0	15:20:11+00:00	2024-06-19	A	3	03,04,02,17,19,06	6	1.9	1.66	0.92			
529	15:20:13+00:00	74.3 M	1	0	0	15:20:12+00:00	2024-06-19	A	3	03,04,02,17,19,06	6	1.9	1.66	0.92			
530	15:20:14+00:00	74.4 M	1	0	0	15:20:13+00:00	2024-06-19	A	3	03,04,02,17,19,06	6	1.9	1.66	0.92			
531	15:20:15+00:00	74.4 M	1	0	0	15:20:14+00:00	2024-06-19	A	3	03,04,02,17,19,06	6	1.9	1.66	0.92			
532	15:20:16+00:00	74.3 M	1	0	0	15:20:15+00:00	2024-06-19	A	3	03,04,02,17,19,06	6	1.9	1.66	0.92			
533	15:20:17+00:00	74.3 M	1	0	0	15:20:16+00:00	2024-06-19	A	3	03,04,02,17,19,06	6	1.9	1.66	0.92			
534	15:20:18+00:00	74.5 M	1	0	0	15:20:17+00:00	2024-06-19	A	3	03,04,02,17,19,06	6	1.9	1.66	0.92			
535	15:20:19+00:00	74.7 M	1	0	0	15:20:18+00:00	2024-06-19	A	3	03,04,02,17,19,06	6	1.9	1.66	0.92			
536	15:20:20+00:00	74.7 M	1	0	0	15:20:19+00:00	2024-06-19	A	3	03,04,02,17,19,06	6	1.9	1.66	0.92			
537	15:20:21+00:00	74.7 M	1	0	0	15:20:20+00:00	2024-06-19	A	3	03,04,02,17,19,06	6	1.9	1.66	0.92			
538	15:20:22+00:00	74.7 M	1	0	0	15:20:21+00:00	2024-06-19	A	3	03,04,02,17,19,06	6	1.9	1.66	0.92			
539	15:20:23+00:00	74.7 M	1	0	0	15:20:22+00:00	2024-06-19	A	3	03,04,02,17,19,06	6	1.9	1.66	0.92			
540	15:20:24+00:00	74.6 M	1	0	0	15:20:23+00:00	2024-06-19	A	3	03,04,02,17,19,06	6	1.9	1.66	0.92			
541	15:20:25+00:00	74.7 M	1	0	0	15:20:24+00:00	2024-06-19	A	3	03,04,02,17,19,06	6	1.9	1.66	0.92			
542	15:20:26+00:00	74.7 M	1	0	0	15:20:25+00:00	2024-06-19	A	3	03,04,02,17,19,06	6	1.9	1.66	0.92			
543	15:20:27+00:00	74.6 M	1	0	0	15:20:26+00:00	2024-06-19	A	3	03,04,02,17,19,06	6	1.9	1.66	0.92			
544	15:20:28+00:00	74.5 M	1	0	0	15:20:27+00:00	2024-06-19	A	3	03,04,02,17,19,06	6	1.9	1.66	0.92			
545	15:20:29+00:00	74.5 M	1	0	0	15:20:28+00:00	2024-06-19	A	3	03,04,02,17,19,06	6	1.9	1.66	0.92			
546	15:20:30+00:00	74.5 M	1	0	0	15:20:29+00:00	2024-06-19	A	3	03,04,02,17,19,06	6	1.9	1.66	0.92			
547	15:20:31+00:00	74.6 M	1	0	0	15:20:30+00:00	2024-06-19	A	3	03,04,02,17,19,06	6	1.9	1.66	0.92			
548	15:20:32+00:00	74.5 M	1	0	0	15:20:31+00:00	2024-06-19	A	3	03,04,02,17,19,06	6	1.9	1.66	0.92			
549	15:20:33+00:00	74.5 M	1	0	0	15:20:32+00:00	2024-06-19	A	3	03,04,02,17,19,06	6	1.9	1.66	0.92			
550	15:20:34+00:00	74.5 M	1	0	0	15:20:33+00:00	2024-06-19	A	3	03,04,02,17,19,06	6	1.9	1.66	0.92			
551	15:20:35+00:00	74.5 M	1	0	0	15:20:34+00:00	2024-06-19	A	3	03,04,02,17,19,06	6	1.9	1.66	0.92			
552	15:20:36+00:00	74.4 M	1	0	0	15:20:35+00:00	2024-06-19	A	3	03,04,02,17,19,06	6	1.9	1.66	0.92			
553	15:20:37+00:00	74.5 M	1	0	0	15:20:36+00:00	2024-06-19	A	3	03,04,02,17,19,06	6	1.9	1.66	0.92			
554	15:20:38+00:00	74.4 M	1	0	0	15:20:37+00:00	2024-06-19	A	3	03,04,02,17,19,06	6	1.9	1.66	0.92			
555	15:20:39+00:00	74.4 M	1	0	0	15:20:38+00:00	2024-06-19	A	3	03,04,02,17,19,06	6	1.9	1.66	0.92			
556	15:20:40+00:00	74.8 M	1	0	0	15:20:39+00:00	2024-06-19	A	3	03,04,02,17,19,06	6	1.9	1.66	0.92			
557	15:20:41+00:00	74.7 M	1	0	0	15:20:40+00:00	2024-06-19	A	3	03,04,02,17,19,06	6	1.9	1.66	0.92			
558	15:20:42+00:00	74.6 M	1	0	0	15:20:41+00:00	2024-06-19	A	3	03,04,02,17,19,06	6	1.9	1.66	0.92			
559	15:20:43+00:00	74.4 M	1	0	0	15:20:42+00:00	2024-06-19	A	3	03,04,02,17,19,06	6	1.9	1.66	0.92			
560	15:20:44+00:00	74.3 M	1	0	0	15:20:43+00:00	2024-06-19	A	3	03,04,02,17,19,06	6	1.9	1.66	0.92			
561	15:20:45+00:00	74.2 M	1	0	0	15:20:44+00:00	2024-06-19	A	3	03,04,02,17,19,06	6	1.9	1.66	0.92			
562	15:20:46+00:00	74.1 M	1	0	0	15:20:45+00:00	2024-06-19	A	3	03,04,02,17,19,06	6	1.9	1.66	0.92			
563	15:20:47+00:00	74.2 M	1	0	0	15:20:46+00:00	2024-06-19	A	3	03,04,02,17,19,06	6	1.9	1.66	0.92			
564	15:20:48+00:00	74.2 M	1	0	0	15:20:47+00:00	2024-06-19	A	3	03,04,02,17,19,06	6	1.9	1.66	0.92			
565	15:20:49+00:00	74.2 M	1	0	0	15:20:48+00:00	2024-06-19	A	3	03,04,02,17,19,06	6	1.9	1.66	0.92			
566	15:20:50+00:00	74.2 M	1	0	0	15:20:49+00:00	2024-06-19	A	3	03,04,02,17,19,06	6	1.9	1.66	0.92			
567	15:20:51+00:00	74.2 M	1	0	0	15:20:50+00:00	2024-06-19	A	3	03,04,02,17,19,06	6	1.9	1.66	0.92			
568	15:20:52+00:00	74.2 M	1	0	0	15:20:51+00:00	2024-06-19	A	3	03,04,02,17,19,06	6	1.9	1.66	0.92			
569	15:20:53+00:00	74.3 M	1	0	0	15:20:52+00:00	2024-06-19	A	3	03,04,02,17,19,06	6	1.9	1.66	0.92			
570	15:20:54+00:00	74.3 M	1	0	0	15:20:53+00:00	2024-06-19	A	3	03,04,02,17,19,06	6	1.9	1.66	0.92			
571	15:20:55+00:00	74.3 M	1	0	0	15:20:54+00:00	2024-06-19	A	3	03,04,02,17,19,06	6	1.9	1.66	0.92			
572	15:20:56+00:00	74.4 M	1	0	0	15:20:55+00:00	2024-06-19	A	3	03,04,02,17,19,06	6	1.9	1.66	0.92			
573	15:20:57+00:00	74.3 M	1	0	0	15:20:56+00:00	2024-06-19	A	3	03,04,02,17,19,06	6	1.89	1.66	0.92			
574	15:20:58+00:00	74.2 M	1	0	0	15:20:57+00:00	2024-06-19	A	3	03,04,02,17,19,06	6	1.89	1.66	0.92			
575	15:20:59+00:00	74.5 M	1	0	0	15:20:58+00:00	2024-06-19	A	3	03,04,02,17,19,06	6	1.89	1.66	0.92			
576	15:21:00+00:00	74.6 M	1	0	0	15:20:59+00:00	2024-06-19	A	3	03,04,02,17,19,06	6	1.89	1.66	0.92			
577	15:21:01+00:00	74.3 M	1	0	0	15:21:00+00:00	2024-06-19	A	3	03,04,02,17,19,06	6	1.89	1.66	0.92			
578	15:21:02+00:00	74.3 M	1	0	0	15:21:01+00:00	2024-06-19	A	3	03,04,02,17,19,06	6	1.89	1.66	0.92			
579	15:21:03+00:00	74.2 M	1	0	0	15:21:02+00:00	2024-06-19	A	3	03,04,02,17,19,06	6	1.89	1.65	0.92			
580	15:21:04+00:00	74.4 M	1	0	0	15:21:03+00:00	2024-06-19	A	3	03,04,02,17,19,06	6	1.89	1.65	0.92			
581	15:21:05+00:00	74.3 M	1	0	0	15:21:04+00:00	2024-06-19	A	3	03,04,02,17,19,06	6	1.89	1.65	0.92			
582	15:21:06+00:00	74.5 M	1	0.001	0	15:21:05+00:00	2024-06-19	A	3	03,04,02,17,19,06	6	1.89	1.65	0.92			
583	15:21:07+00:00	74.5 M	1	0	0	15:21:06+00:00	2024-06-19	A	3	03,04,02,17,19,06	6	1.89	1.65	0.92			
584	15:21:08+00:00	74.8 M	1	0	0	15:21:07+00:00	2024-06-19	A	3	03,04,02,17,19,06	6	1.89	1.65	0.92			
585	15:21:09+00:00	74.9 M	1	0	0	15:21:08+00:00	2024-06-19	A	3	03,04,02,17,19,06	6	1.89	1.65	0.92			
586	15:21:10+00:00	74.9 M	1	0	0	15:21:09+00:00	2024-06-19	A	3	03,04,02,17,19,06	6	1.89	1.65	0.92			
587	15:21:11+00:00	74.8 M	1	0	0	15:21:10+00:00	2024-06-19	A	3	03,04,02,17,19,06	6	1.89	1.65	0.92			
588	15:21:12+00:00	74.7 M	1	0	0	15:21:11+00:00	2024-06-19	A	3	03,04,02,17,19,06	6	1.89	1.65	0.92			
589	15:21:13+00:00	74.6 M	1	0	0	15:21:12+00:00	2024-06-19	A	3	03,04,02,17,19,06	6	1.89	1.65	0.92			
590	15:21:14+00:00	74.6 M	1	0	0	15:21:13+00:00	2024-06-19	A	3	03,04,02,17,19,06	6	1.89	1.65	0.92			
591	15:21:15+00:00	74.6 M	1	0	0	15:21:14+00:00	2024-06-19	A	3	03,04,02,17,19,06	6	1.89	1.65	0.92			
592	15:21:16+00:00	74.4 M	1	0	0	15:21:15+00:00	2024-06-19	A	3	03,04,02,17,19,06	6	1.89	1.65	0.92			
593	15:21:17+00:00	74.5 M	1	0	0	15:21:16+00:00	2024-06-19	A	3	03,04,02,17,19,06	6	1.89	1.65	0.92			
594	15:21:18+00:00	74.4 M	1	0	0	15:21:17+00:00	2024-06-19	A	3	03,04,02,17,19,06	6	1.89	1.65	0.92			
595	15:21:19+00:00	74.5 M	1	0	0	15:21:18+00:00	2024-06-19	A	3	03,04,02,17,19,06	6	1.89	1.65	0.92			
596	15:21:20+00:00	74.5 M	1	0	0	15:21:19+00:00	2024-06-19	A	3	03,04,02,17,19,06	6	1.89	1.65	0.92			
597	15:21:21+00:00	74.5 M	1	0	0	15:21:20+00:00	2024-06-19	A	3	03,04,02,17,19,06	6	1.89	1.65	0.92			
598	15:21:22+00:00	74.6 M	1	0	0	15:21:21+00:00	2024-06-19	A	3	03,04,02,17,19,06	6	1.89	1.65	0.92			
599	15:21:23+00:00	74.4 M	1	0	0	15:21:22+00:00	2024-06-19	A	3	03,04,02,17,19,06	6	1.89	1.65	0.92			
600	15:21:24+00:00	74.5 M	1	0	0	15:21:23+00:00	2024-06-19	A	3	03,04,02,17,19,06	6	1.89	1.65	0.92			
601	15:21:25+00:00	74.7 M	1	0.001	0	15:21:24+00:00	2024-06-19	A	3	03,04,02,17,19,06	6	1.89	1.65	0.92			
602	15:21:26+00:00	74.7 M	1	0	0	15:21:25+00:00	2024-06-19	A	3	03,04,02,17,19,06	6	1.89	1.65	0.92			
603	15:21:27+00:00	74.7 M	1	0	0	15:21:26+00:00	2024-06-19	A	3	03,04,02,17,19,06	6	1.89	1.65	0.92			
604	15:21:28+00:00	74.6 M	1	0	0	15:21:27+00:00	2024-06-19	A	3	03,04,02,17,19,06	6	1.89	1.65	0.92			
605	15:21:29+00:00	74.6 M	1	0	0	15:21:28+00:00	2024-06-19	A	3	03,04,02,17,19,06	6	1.89	1.65	0.92			
606	15:21:30+00:00	74.6 M	1	0	0	15:21:29+00:00	2024-06-19	A	3	03,04,02,17,19,06	6	1.89	1.65	0.92			
607	15:21:31+00:00	74.6 M	1	0	0	15:21:30+00:00	2024-06-19	A	3	03,04,02,17,19,06	6	1.89	1.65	0.92			
608	15:21:32+00:00	74.7 M	1	0	0	15:21:31+00:00	2024-06-19	A	3	03,04,02,17,19,06	6	1.89	1.65	0.92			
609	15:21:33+00:00	74.7 M	1	0	0	15:21:32+00:00	2024-06-19	A	3	03,04,02,17,19,06	6	1.89	1.65	0.92			
610	15:21:34+00:00	74.6 M	1	0	0	15:21:33+00:00	2024-06-19	A	3	03,04,02,17,19,06	6	1.89	1.65	0.92			
611	15:21:35+00:00	74.7 M	1	0.001	0	15:21:34+00:00	2024-06-19	A	3	03,04,02,17,19,06	6	1.89	1.65	0.92			
612	15:21:36+00:00	74.7 M	1	0	0	15:21:35+00:00	2024-06-19	A	3	03,04,02,17,19,06	6	1.89	1.65	0.92			
613	15:21:37+00:00	74.7 M	1	0	0	15:21:36+00:00	2024-06-19	A	3	03,04,02,17,19,06	6	1.89	1.65	0.92			
614	15:21:38+00:00	74.7 M	1	0	0	15:21:37+00:00	2024-06-19	A	3	03,04,02,17,19,06	6	1.89	1.65	0.92			
615	15:21:39+00:00	74.5 M	1	0	0	15:21:38+00:00	2024-06-19	A	3	03,04,02,17,19,06	6	1.89	1.65	0.92			
616	15:21:40+00:00	74.6 M	1	0	0	15:21:39+00:00	2024-06-19	A	3	03,04,02,17,19,06	6	1.89	1.65	0.92			
617	15:21:41+00:00	74.6 M	1	0	0	15:21:40+00:00	2024-06-19	A	3	03,04,02,17,19,06	6	1.89	1.65	0.92			
618	15:21:42+00:00	74.6 M	1	0	0	15:21:41+00:00	2024-06-19	A	3	03,04,02,17,19,06	6	1.89	1.65	0.92			
619	15:21:43+00:00	74.7 M	1	0.001	0	15:21:42+00:00	2024-06-19	A	3	03,04,02,17,19,06	6	1.89	1.65	0.92			
620	15:21:44+00:00	74.5 M	1	0	0	15:21:43+00:00	2024-06-19	A	3	03,04,02,17,19,06	6	1.89	1.65	0.92			
621	15:21:45+00:00	74.4 M	1	0	0	15:21:44+00:00	2024-06-19	A	3	03,04,02,17,19,06	6	1.89	1.65	0.92			
622	15:21:46+00:00	74.4 M	1	0	0	15:21:45+00:00	2024-06-19	A	3	03,04,02,17,19,06	6	1.89	1.65	0.92			
623	15:21:47+00:00	74.6 M	1	0	0	15:21:46+00:00	2024-06-19	A	3	03,04,02,17,19,06	6	1.89	1.65	0.92			
624	15:21:48+00:00	74.6 M	1	0	0	15:21:47+00:00	2024-06-19	A	3	03,04,02,17,19,06	6	1.89	1.65	0.92			
625	15:21:49+00:00	74.6 M	1	0	0	15:21:48+00:00	2024-06-19	A	3	03,04,02,17,19,06	6	1.89	1.65	0.92			
626	15:21:50+00:00	74.4 M	1	0	0	15:21:49+00:00	2024-06-19	A	3	03,04,02,17,19,06	6	1.89	1.65	0.92			
627	15:21:51+00:00	74.3 M	1	0	0	15:21:50+00:00	2024-06-19	A	3	03,04,02,17,19,06	6	1.89	1.65	0.92			
628	15:21:52+00:00	74.2 M	1	0	0	15:21:51+00:00	2024-06-19	A	3	03,04,02,17,19,06	6	1.89	1.65	0.92			
629	15:21:53+00:00	74.1 M	1	0	0	15:21:52+00:00	2024-06-19	A	3	03,04,02,17,19,06	6	1.89	1.65	0.92			
630	15:21:54+00:00	73.9 M	1	0.001	0	15:21:53+00:00	2024-06-19	A	3	03,04,02,17,19,06	6	1.89	1.65	0.92			
631	15:21:55+00:00	73.9 M	1	0	0	15:21:54+00:00	2024-06-19	A	3	03,04,02,17,19,06	6	1.89	1.65	0.92			
632	15:21:56+00:00	73.8 M	1	0	0	15:21:55+00:00	2024-06-19	A	3	03,04,02,17,19,06	6	1.89	1.65	0.92			
633	15:21:57+00:00	73.7 M	1	0	0	15:21:56+00:00	2024-06-19	A	3	03,04,02,17,19,06	6	1.89	1.64	0.92			
634	15:21:58+00:00	73.8 M	1	0	0	15:21:57+00:00	2024-06-19	A	3	03,04,02,17,19,06	6	1.89	1.64	0.92			
635	15:21:59+00:00	73.9 M	1	0	0	15:21:58+00:00	2024-06-19	A	3	03,04,02,17,19,06	6	1.89	1.64	0.92			
636	15:22:00+00:00	73.8 M	1	0	0	15:21:59+00:00	2024-06-19	A	3	03,04,02,17,19,06	6	1.89	1.64	0.92			
637	15:22:01+00:00	73.9 M	1	0.001	0	15:22:00+00:00	2024-06-19	A	3	03,04,02,17,19,06	6	1.89	1.64	0.92			
638	15:22:02+00:00	73.9 M	1	0	0	15:22:01+00:00	2024-06-19	A	3	03,04,02,17,19,06	6	1.89	1.64	0.92			
639	15:22:03+00:00	73.8 M	1	0.001	0	15:22:02+00:00	2024-06-19	A	3	03,04,02,17,19,06	6	1.88	1.64	0.92			
640	15:22:04+00:00	73.8 M	1	0	0	15:22:03+00:00	2024-06-19	A	3	03,04,02,17,19,06	6	1.88	1.64	0.92			
641	15:22:05+00:00	73.7 M	1	0	0	15:22:04+00:00	2024-06-19	A	3	03,04,02,17,19,06	6	1.88	1.64	0.92			
642	15:22:06+00:00	73.5 M	1	0.001	0	15:22:05+00:00	2024-06-19	A	3	03,04,02,17,19,06	6	1.88	1.64	0.92			
643	15:22:07+00:00	73.5 M	1	0	0	15:22:06+00:00	2024-06-19	A	3	03,04,02,17,19,06	6	1.88	1.64	0.92			
644	15:22:08+00:00	73.1 M	1	0	0	15:22:07+00:00	2024-06-19	A	3	03,04,02,17,19,06	6	1.88	1.64	0.92			
645	15:22:09+00:00	72.9 M	1	0	0	15:22:08+00:00	2024-06-19	A	3	03,04,02,17,19,06	6	1.88	1.64	0.92			
646	15:22:10+00:00	72.5 M	1	0	0	15:22:09+00:00	2024-06-19	A	3	03,04,02,17,19,06	6	1.88	1.64	0.92			
647	15:22:11+00:00	72.4 M	1	0	0	15:22:10+00:00	2024-06-19	A	3	03,04,02,17,19,06	6	1.88	1.64	0.92			
648	15:22:12+00:00	72.4 M	1	0	0	15:22:11+00:00	2024-06-19	A	3	03,04,02,17,19,06	6	1.88	1.64	0.92			
649	15:22:13+00:00	72.4 M	1	0	0	15:22:12+00:00	2024-06-19	A	3	03,04,02,17,19,06	6	1.88	1.64	0.92			
650	15:22:14+00:00	72.3 M	1	0	0	15:22:13+00:00	2024-06-19	A	3	03,04,02,17,19,06	6	1.88	1.64	0.92			
651	15:22:15+00:00	72.4 M	1	0.001	0	15:22:14+00:00	2024-06-19	A	3	03,04,02,17,19,06	6	1.88	1.64	0.92			
652	15:22:16+00:00	72.6 M	1	0	0	15:22:15+00:00	2024-06-19	A	3	03,04,02,17,19,06	6	1.88	1.64	0.92			
653	15:22:17+00:00	72.7 M	1	0	0	15:22:16+00:00	2024-06-19	A	3	03,04,02,17,19,06	6	1.88	1.64	0.92			
654	15:22:18+00:00	72.8 M	1	0.001	0	15:22:17+00:00	2024-06-19	A	3	03,04,02,17,19,06	6	1.88	1.64	0.92			
655	15:22:19+00:00	73.0 M	1	0	0	15:22:18+00:00	2024-06-19	A	3	03,04,02,17,19,06	6	1.88	1.64	0.92			
656	15:22:20+00:00	73.0 M	1	0.001	0	15:22:19+00:00	2024-06-19	A	3	03,04,02,17,19,06	6	1.88	1.64	0.92			
657	15:22:21+00:00	73.0 M	1	0	0	15:22:20+00:00	2024-06-19	A	3	03,04,02,17,19,06	6	1.88	1.64	0.92			
658	15:22:22+00:00	72.8 M	1	0	0	15:22:21+00:00	2024-06-19	A	3	03,04,02,17,19,06	6	1.88	1.64	0.92			
659	15:22:23+00:00	72.5 M	1	0	0	15:22:22+00:00	2024-06-19	A	3	03,04,02,17,19,06	6	1.88	1.64	0.92			
660	15:22:24+00:00	72.5 M	1	0	0	15:22:23+00:00	2024-06-19	A	3	03,04,02,17,19,06	6	1.88	1.64	0.92			
661	15:22:25+00:00	72.5 M	1	0	0	15:22:24+00:00	2024-06-19	A	3	03,04,02,17,19,06	6	1.88	1.64	0.92			
662	15:22:26+00:00	72.6 M	1	0	0	15:22:25+00:00	2024-06-19	A	3	03,04,02,17,19,06	6	1.88	1.64	0.92			
663	15:22:27+00:00	72.5 M	1	0	0	15:22:26+00:00	2024-06-19	A	3	03,04,02,17,19,06	6	1.88	1.64	0.92			
664	15:22:28+00:00	72.5 M	1	0	0	15:22:27+00:00	2024-06-19	A	3	03,04,02,17,19,06	6	1.88	1.64	0.92			
665	15:22:29+00:00	72.5 M	1	0	0	15:22:28+00:00	2024-06-19	A	3	03,04,02,17,19,06	6	1.88	1.64	0.92			
666	15:22:30+00:00	72.5 M	1	0	0	15:22:29+00:00	2024-06-19	A	3	03,04,02,17,19,06	6	1.88	1.64	0.92			
667	15:22:31+00:00	72.2 M	1	0.001	0	15:22:30+00:00	2024-06-19	A	3	03,04,02,17,19,06	6	1.88	1.64	0.92			
668	15:22:32+00:00	72.3 M	1	0.001	0	15:22:31+00:00	2024-06-19	A	3	03,04,02,17,19,06	6	1.88	1.64	0.92			
669	15:22:33+00:00	72.1 M	1	0	0	15:22:32+00:00	2024-06-19	A	3	03,04,02,17,19,06	6	1.88	1.64	0.92			
670	15:22:34+00:00	72.0 M	1	0	0	15:22:33+00:00	2024-06-19	A	3	03,04,02,17,19,06	6	1.88	1.64	0.92			
671	15:22:35+00:00	72.1 M	1	0	0	15:22:34+00:00	2024-06-19	A	3	03,04,02,17,19,06	6	1.88	1.64	0.92			
672	15:22:36+00:00	72.0 M	1	0	0	15:22:35+00:00	2024-06-19	A	3	03,04,02,17,19,06	6	1.88	1.64	0.92			
673	15:22:37+00:00	72.1 M	1	0	0	15:22:36+00:00	2024-06-19	A	3	03,04,02,17,19,06	6	1.88	1.64	0.92			
674	15:22:38+00:00	72.1 M	1	0.001	0	15:22:37+00:00	2024-06-19	A	3	03,04,02,17,19,06	6	1.88	1.64	0.92			
675	15:22:39+00:00	72.0 M	1	0	0	15:22:38+00:00	2024-06-19	A	3	03,04,02,17,19,06	6	1.88	1.64	0.92			
676	15:22:40+00:00	72.0 M	1	0	0	15:22:39+00:00	2024-06-19	A	3	03,04,02,17,19,06	6	1.88	1.64	0.92			
677	15:22:41+00:00	71.9 M	1	0	0	15:22:40+00:00	2024-06-19	A	3	03,04,02,17,19,06	6	1.88	1.64	0.92			
678	15:22:42+00:00	72.0 M	1	0	0	15:22:41+00:00	2024-06-19	A	3	03,04,02,17,19,06	6	1.88	1.64	0.92			
679	15:22:43+00:00	71.9 M	1	0	0	15:22:42+00:00	2024-06-19	A	3	03,04,02,17,19,06	6	1.88	1.64	0.92			
680	15:22:44+00:00	71.9 M	1	0.001	0	15:22:43+00:00	2024-06-19	A	3	03,04,02,17,19,06	6	1.88	1.64	0.92			
681	15:22:45+00:00	72.0 M	1	0	0	15:22:44+00:00	2024-06-19	A	3	03,04,02,17,19,06	6	1.88	1.64	0.92			
682	15:22:46+00:00	72.0 M	1	0	0	15:22:45+00:00	2024-06-19	A	3	03,04,02,17,19,06	6	1.88	1.64	0.92			
683	15:22:47+00:00	72.0 M	1	0.001	0	15:22:46+00:00	2024-06-19	A	3	03,04,02,17,19,06	6	1.88	1.64	0.92			
684	15:22:48+00:00	71.9 M	1	0	0	15:22:47+00:00	2024-06-19	A	3	03,04,02,17,19,06	6	1.88	1.64	0.92			
685	15:22:49+00:00	71.9 M	1	0	0	15:22:48+00:00	2024-06-19	A	3	03,04,02,17,19,06	6	1.88	1.64	0.92			
686	15:22:50+00:00	71.8 M	1	0	0	15:22:49+00:00	2024-06-19	A	3	03,04,02,17,19,06	6	1.88	1.64	0.92			
687	15:22:51+00:00	71.9 M	1	0	0	15:22:50+00:00	2024-06-19	A	3	03,04,02,17,19,06	6	1.88	1.64	0.92			
688	15:22:52+00:00	71.7 M	1	0	0	15:22:51+00:00	2024-06-19	A	3	03,04,02,17,19,06	6	1.88	1.64	0.92			
689	15:22:53+00:00	71.7 M	1	0	0	15:22:52+00:00	2024-06-19	A	3	03,04,02,17,19,06	6	1.88	1.64	0.92			
690	15:22:54+00:00	71.5 M	1	0	0	15:22:53+00:00	2024-06-19	A	3	03,04,02,17,19,06	6	1.88	1.64	0.92			
691	15:22:55+00:00	71.4 M	1	0	0	15:22:54+00:00	2024-06-19	A	3	03,04,02,17,19,06	6	1.88	1.64	0.92			
692	15:22:56+00:00	71.4 M	1	0	0	15:22:55+00:00	2024-06-19	A	3	03,04,02,17,19,06	6	1.88	1.64	0.92			
693	15:22:57+00:00	71.4 M	1	0	0	15:22:56+00:00	2024-06-19	A	3	03,04,02,17,19,06	6	1.88	1.63	0.92			
694	15:22:58+00:00	71.5 M	1	0.001	0	15:22:57+00:00	2024-06-19	A	3	03,04,02,17,19,06	6	1.88	1.63	0.92			
695	15:22:59+00:00	71.4 M	1	0.001	0	15:22:58+00:00	2024-06-19	A	3	03,04,02,17,19,06	6	1.88	1.63	0.92			
696	15:23:00+00:00	71.3 M	1	0.001	0	15:22:59+00:00	2024-06-19	A	3	03,04,02,17,19,06	6	1.88	1.63	0.92			
697	15:23:01+00:00	71.3 M	1	0	0	15:23:00+00:00	2024-06-19	A	3	03,04,02,17,19,06	6	1.88	1.63	0.92			
698	15:23:02+00:00	71.2 M	1	0	0	15:23:01+00:00	2024-06-19	A	3	03,04,02,17,19,06	6	1.88	1.63	0.92			
699	15:23:03+00:00	71.2 M	1	0	0	15:23:02+00:00	2024-06-19	A	3	03,04,02,17,19,06	6	1.88	1.63	0.92			
700	15:23:04+00:00	71.0 M	1	0	0	15:23:03+00:00	2024-06-19	A	3	03,04,02,17,19,06	6	1.88	1.63	0.92			
701	15:23:05+00:00	70.7 M	1	0	0	15:23:04+00:00	2024-06-19	A	3	03,04,02,17,19,06	6	1.88	1.63	0.92			
702	15:23:06+00:00	70.3 M	1	0.001	0	15:23:05+00:00	2024-06-19	A	3	03,04,02,17,19,06	6	1.88	1.63	0.92			
703	15:23:07+00:00	70.1 M	1	0	0	15:23:06+00:00	2024-06-19	A	3	03,04,02,17,19,06	6	1.88	1.63	0.92			
704	15:23:08+00:00	70.0 M	1	0	0	15:23:07+00:00	2024-06-19	A	3	03,04,02,17,19,06	6	1.88	1.63	0.92			
705	15:23:09+00:00	69.9 M	1	0	0	15:23:08+00:00	2024-06-19	A	3	03,04,02,17,19,06	6	1.87	1.63	0.92			
706	15:23:10+00:00	69.7 M	1	0	0	15:23:09+00:00	2024-06-19	A	3	03,04,02,17,19,06	6	1.87	1.63	0.92			
707	15:23:11+00:00	69.6 M	1	0	0	15:23:10+00:00	2024-06-19	A	3	03,04,02,17,19,06	6	1.87	1.63	0.92			
708	15:23:12+00:00	69.9 M	1	0	0	15:23:11+00:00	2024-06-19	A	3	03,04,02,17,19,06	6	1.87	1.63	0.92			
709	15:23:13+00:00	69.7 M	1	0.001	0	15:23:12+00:00	2024-06-19	A	3	03,04,02,17,19,06	6	1.87	1.63	0.92			
710	15:23:14+00:00	69.7 M	1	0.001	0	15:23:13+00:00	2024-06-19	A	3	03,04,02,17,19,06	6	1.87	1.63	0.92			
711	15:23:15+00:00	69.8 M	1	0	0	15:23:14+00:00	2024-06-19	A	3	03,04,02,17,19,06	6	1.87	1.63	0.92			
712	15:23:16+00:00	69.8 M	1	0.001	0	15:23:15+00:00	2024-06-19	A	3	03,04,02,17,19,06	6	1.87	1.63	0.92			
713	15:23:17+00:00	69.6 M	1	0	0	15:23:16+00:00	2024-06-19	A	3	03,04,02,17,19,06	6	1.87	1.63	0.92			
714	15:23:18+00:00	69.4 M	1	0	0	15:23:17+00:00	2024-06-19	A	3	03,04,02,17,19,06	6	1.87	1.63	0.92			
715	15:23:19+00:00	69.5 M	1	0	0	15:23:18+00:00	2024-06-19	A	3	03,04,02,17,19,06	6	1.87	1.63	0.92			
716	15:23:20+00:00	69.4 M	1	0.001	0	15:23:19+00:00	2024-06-19	A	3	03,04,02,17,19,06	6	1.87	1.63	0.92			
717	15:23:21+00:00	69.3 M	1	0	0	15:23:20+00:00	2024-06-19	A	3	03,04,02,17,19,06	6	1.87	1.63	0.92			
718	15:23:22+00:00	69.3 M	1	0.001	0	15:23:21+00:00	2024-06-19	A	3	03,04,02,17,19,06	6	1.87	1.63	0.92			
719	15:23:23+00:00	69.0 M	1	0	0	15:23:22+00:00	2024-06-19	A	3	03,04,02,17,19,06	6	1.87	1.63	0.92			
720	15:23:24+00:00	68.6 M	1	0.001	0	15:23:23+00:00	2024-06-19	A	3	03,04,02,17,19,06	6	1.87	1.63	0.92			
721	15:23:25+00:00	68.7 M	1	0	0	15:23:24+00:00	2024-06-19	A	3	03,04,02,17,19,06	6	1.87	1.63	0.92			
722	15:23:26+00:00	68.8 M	1	0	0	15:23:25+00:00	2024-06-19	A	3	03,04,02,17,19,06	6	1.87	1.63	0.92			
723	15:23:27+00:00	68.6 M	1	0	0	15:23:26+00:00	2024-06-19	A	3	03,04,02,17,19,06	6	1.87	1.63	0.92			
724	15:23:28+00:00	68.4 M	1	0.001	0	15:23:27+00:00	2024-06-19	A	3	03,04,02,17,19,06	6	1.87	1.63	0.92			
725	15:23:29+00:00	68.4 M	1	0	0	15:23:28+00:00	2024-06-19	A	3	03,04,02,17,19,06	6	1.87	1.63	0.92			
726	15:23:30+00:00	68.5 M	1	0	0	15:23:29+00:00	2024-06-19	A	3	03,04,02,17,19,06	6	1.87	1.63	0.92			
727	15:23:31+00:00	68.3 M	1	0.001	0	15:23:30+00:00	2024-06-19	A	3	03,04,02,17,19,06	6	1.87	1.63	0.92			
728	15:23:32+00:00	68.1 M	1	0	0	15:23:31+00:00	2024-06-19	A	3	03,04,02,17,19,06	6	1.87	1.63	0.92			
729	15:23:33+00:00	68.0 M	1	0	0	15:23:32+00:00	2024-06-19	A	3	03,04,02,17,19,06	6	1.87	1.63	0.92			
730	15:23:34+00:00	67.7 M	1	0	0	15:23:33+00:00	2024-06-19	A	3	03,04,02,17,19,06	6	1.87	1.63	0.92			
731	15:23:35+00:00	67.9 M	1	0	0	15:23:34+00:00	2024-06-19	A	3	03,04,02,17,19,06	6	1.87	1.63	0.92			
732	15:23:36+00:00	67.8 M	1	0.001	0	15:23:35+00:00	2024-06-19	A	3	03,04,02,17,19,06	6	1.87	1.63	0.92			
733	15:23:37+00:00	67.6 M	1	0	0	15:23:36+00:00	2024-06-19	A	3	03,04,02,17,19,06	6	1.87	1.63	0.92			
734	15:23:38+00:00	67.5 M	1	0	0	15:23:37+00:00	2024-06-19	A	3	03,04,02,17,19,06	6	1.87	1.63	0.92			
735	15:23:39+00:00	67.3 M	1	0	0	15:23:38+00:00	2024-06-19	A	3	03,04,02,17,19,06	6	1.87	1.63	0.92			
736	15:23:40+00:00	67.3 M	1	0	0	15:23:39+00:00	2024-06-19	A	3	03,04,02,17,19,06	6	1.87	1.63	0.92			
737	15:23:41+00:00	67.0 M	1	0.001	0	15:23:40+00:00	2024-06-19	A	3	03,04,02,17,19,06	6	1.87	1.63	0.92			
738	15:23:42+00:00	66.9 M	1	0	0	15:23:41+00:00	2024-06-19	A	3	03,04,02,17,19,06	6	1.87	1.63	0.92			
739	15:23:43+00:00	66.8 M	1	0.001	0	15:23:42+00:00	2024-06-19	A	3	03,04,02,17,19,06	6	1.87	1.63	0.92			
740	15:23:44+00:00	66.5 M	1	0	0	15:23:43+00:00	2024-06-19	A	3	03,04,02,17,19,06	6	1.87	1.63	0.92			
741	15:23:45+00:00	66.4 M	1	0.001	0	15:23:44+00:00	2024-06-19	A	3	03,04,02,17,19,06	6	1.87	1.63	0.92			
742	15:23:46+00:00	66.2 M	1	0	0	15:23:45+00:00	2024-06-19	A	3	03,04,02,17,19,06	6	1.87	1.63	0.92			
743	15:23:47+00:00	66.5 M	1	0	0	15:23:46+00:00	2024-06-19	A	3	03,04,02,17,19,06	6	1.87	1.63	0.92			
744	15:23:48+00:00	66.5 M	1	0	0	15:23:47+00:00	2024-06-19	A	3	03,04,02,17,19,06	6	1.87	1.63	0.92			
745	15:23:49+00:00	66.2 M	1	0	0	15:23:48+00:00	2024-06-19	A	3	03,04,02,17,19,06	6	1.87	1.63	0.92			
746	15:23:50+00:00	65.9 M	1	0	0	15:23:49+00:00	2024-06-19	A	3	03,04,02,17,19,06	6	1.87	1.63	0.92			
747	15:23:51+00:00	66.2 M	1	0	0	15:23:50+00:00	2024-06-19	A	3	03,04,02,17,19,06	6	1.87	1.63	0.92			
748	15:23:52+00:00	66.1 M	1	0	0	15:23:51+00:00	2024-06-19	A	3	03,04,02,17,19,06	6	1.87	1.63	0.92			
749	15:23:53+00:00	65.5 M	1	0	0	15:23:52+00:00	2024-06-19	A	3	03,04,02,17,19,06	6	1.87	1.63	0.92			
750	15:23:54+00:00	65.6 M	1	0	0	15:23:53+00:00	2024-06-19	A	3	03,04,02,17,19,06	6	1.87	1.63	0.92			
751	15:23:55+00:00	65.5 M	1	0.001	0	15:23:54+00:00	2024-06-19	A	3	03,04,02,17,19,06	6	1.87	1.63	0.92			
752	15:23:56+00:00	65.0 M	1	0	0	15:23:55+00:00	2024-06-19	A	3	03,04,02,17,19,06	6	1.87	1.63	0.92			
753	15:23:57+00:00	65.5 M	1	0	0	15:23:56+00:00	2024-06-19	A	3	03,04,02,17,19,06	6	1.87	1.62	0.92			
754	15:23:58+00:00	65.6 M	1	0	0	15:23:57+00:00	2024-06-19	A	3	03,04,02,17,19,06	6	1.87	1.62	0.92			
755	15:23:59+00:00	65.5 M	1	0	0	15:23:58+00:00	2024-06-19	A	3	03,04,02,17,19,06	6	1.87	1.62	0.92			
756	15:24:00+00:00	65.1 M	1	0.001	0	15:23:59+00:00	2024-06-19	A	3	03,04,02,17,19,06	6	1.87	1.62	0.92			
757	15:24:01+00:00	65.1 M	1	0	0	15:24:00+00:00	2024-06-19	A	3	03,04,02,17,19,06	6	1.87	1.62	0.92			
758	15:24:02+00:00	64.9 M	1	0	0	15:24:01+00:00	2024-06-19	A	3	03,04,02,17,19,06	6	1.87	1.62	0.92			
759	15:24:03+00:00	64.8 M	1	0	0	15:24:02+00:00	2024-06-19	A	3	03,04,02,17,19,06	6	1.87	1.62	0.92			
760	15:24:04+00:00	64.8 M	1	0	0	15:24:03+00:00	2024-06-19	A	3	03,04,02,17,19,06	6	1.87	1.62	0.92			
761	15:24:05+00:00	65.1 M	1	0	0	15:24:04+00:00	2024-06-19	A	3	03,04,02,17,19,06	6	1.87	1.62	0.92			
762	15:24:06+00:00	65.1 M	1	0	0	15:24:05+00:00	2024-06-19	A	3	03,04,02,17,19,06	6	1.87	1.62	0.92			
763	15:24:07+00:00	65.0 M	1	0.001	0	15:24:06+00:00	2024-06-19	A	3	03,04,02,17,19,06	6	1.87	1.62	0.92			
764	15:24:08+00:00	64.9 M	1	0	0	15:24:07+00:00	2024-06-19	A	3	03,04,02,17,19,06	6	1.87	1.62	0.92			
765	15:24:09+00:00	64.8 M	1	0	0	15:24:08+00:00	2024-06-19	A	3	03,04,02,17,19,06	6	1.87	1.62	0.92			
766	15:24:10+00:00	65.0 M	1	0.001	0	15:24:09+00:00	2024-06-19	A	3	03,04,02,17,19,06	6	1.87	1.62	0.92			
767	15:24:11+00:00	65.0 M	1	0	0	15:24:10+00:00	2024-06-19	A	3	03,04,02,17,19,06	6	1.87	1.62	0.92			
768	15:24:12+00:00	65.0 M	1	0.001	0	15:24:11+00:00	2024-06-19	A	3	03,04,02,17,19,06	6	1.87	1.62	0.92			
769	15:24:13+00:00	64.9 M	1	0	0	15:24:12+00:00	2024-06-19	A	3	03,04,02,17,19,06	6	1.87	1.62	0.92			
770	15:24:14+00:00	64.9 M	1	0	0	15:24:13+00:00	2024-06-19	A	3	03,04,02,17,19,06	6	1.87	1.62	0.92			
771	15:24:15+00:00	64.8 M	1	0	0	15:24:14+00:00	2024-06-19	A	3	03,04,02,17,19,06	6	1.86	1.62	0.92			
772	15:24:16+00:00	64.7 M	1	0	0	15:24:15+00:00	2024-06-19	A	3	03,04,02,17,19,06	6	1.86	1.62	0.92			
773	15:24:17+00:00	64.9 M	1	0.001	0	15:24:16+00:00	2024-06-19	A	3	03,04,02,17,19,06	6	1.86	1.62	0.92			
774	15:24:18+00:00	64.8 M	1	0	0	15:24:17+00:00	2024-06-19	A	3	03,04,02,17,19,06	6	1.86	1.62	0.92			
775	15:24:19+00:00	64.7 M	1	0	0	15:24:18+00:00	2024-06-19	A	3	03,04,02,17,19,06	6	1.86	1.62	0.92			
776	15:24:20+00:00	64.7 M	1	0	0	15:24:19+00:00	2024-06-19	A	3	03,04,02,17,19,06	6	1.86	1.62	0.92			
777	15:24:21+00:00	64.7 M	1	0	0	15:24:20+00:00	2024-06-19	A	3	03,04,02,17,19,06	6	1.86	1.62	0.92			
778	15:24:22+00:00	64.5 M	1	0	0	15:24:21+00:00	2024-06-19	A	3	03,04,02,17,19,06	6	1.86	1.62	0.92			
779	15:24:23+00:00	64.5 M	1	0	0	15:24:22+00:00	2024-06-19	A	3	03,04,02,17,19,06	6	1.86	1.62	0.92			
780	15:24:24+00:00	64.4 M	1	0	0	15:24:23+00:00	2024-06-19	A	3	03,04,02,17,19,06	6	1.86	1.62	0.92			
781	15:24:25+00:00	64.6 M	1	0	0	15:24:24+00:00	2024-06-19	A	3	03,04,02,17,19,06	6	1.86	1.62	0.92			
782	15:24:26+00:00	64.7 M	1	0	0	15:24:25+00:00	2024-06-19	A	3	03,04,02,17,19,06	6	1.86	1.62	0.92			
783	15:24:27+00:00	64.9 M	1	0	0	15:24:26+00:00	2024-06-19	A	3	03,04,02,17,19,06	6	1.86	1.62	0.92			
784	15:24:28+00:00	65.0 M	1	0.001	0	15:24:27+00:00	2024-06-19	A	3	03,04,02,17,19,06	6	1.86	1.62	0.92			
785	15:24:29+00:00	65.0 M	1	0	0	15:24:28+00:00	2024-06-19	A	3	03,04,02,17,19,06	6	1.86	1.62	0.92			
786	15:24:30+00:00	65.4 M	1	0.001	0	15:24:29+00:00	2024-06-19	A	3	03,04,02,17,19,06	6	1.86	1.62	0.92			
787	15:24:31+00:00	65.7 M	1	0.001	0	15:24:30+00:00	2024-06-19	A	3	03,04,02,17,19,06	6	1.86	1.62	0.92			
788	15:24:32+00:00	65.7 M	1	0.001	0	15:24:31+00:00	2024-06-19	A	3	03,04,02,17,19,06	6	1.86	1.62	0.92			
789	15:24:33+00:00	66.0 M	1	0	0	15:24:32+00:00	2024-06-19	A	3	03,04,02,17,19,06	6	1.86	1.62	0.92			
790	15:24:34+00:00	66.1 M	1	0	0	15:24:33+00:00	2024-06-19	A	3	03,04,02,17,19,06	6	1.86	1.62	0.92			
791	15:24:35+00:00	66.1 M	1	0	0	15:24:34+00:00	2024-06-19	A	3	03,04,02,17,19,06	6	1.86	1.62	0.92			
792	15:24:36+00:00	66.2 M	1	0	0	15:24:35+00:00	2024-06-19	A	3	03,04,02,17,19,06	6	1.86	1.62	0.92			
793	15:24:37+00:00	66.3 M	1	0	0	15:24:36+00:00	2024-06-19	A	3	03,04,02,17,19,06	6	1.86	1.62	0.92			
794	15:24:38+00:00	66.4 M	1	0	0	15:24:37+00:00	2024-06-19	A	3	03,04,02,17,19,06	6	1.86	1.62	0.92			
795	15:24:39+00:00	66.7 M	1	0.001	0	15:24:38+00:00	2024-06-19	A	3	03,04,02,17,19,06	6	1.86	1.62	0.92			
796	15:24:40+00:00	66.8 M	1	0	0	15:24:39+00:00	2024-06-19	A	3	03,04,02,17,19,06	6	1.86	1.62	0.92			
797	15:24:41+00:00	66.6 M	1	0	0	15:24:40+00:00	2024-06-19	A	3	03,04,02,17,19,06	6	1.86	1.62	0.92			
798	15:24:42+00:00	66.7 M	1	0.001	0	15:24:41+00:00	2024-06-19	A	3	03,04,02,17,19,06	6	1.86	1.62	0.92			
799	15:24:43+00:00	66.8 M	1	0	0	15:24:42+00:00	2024-06-19	A	3	03,04,02,17,19,06	6	1.86	1.62	0.92			
800	15:24:44+00:00	66.7 M	1	0	0	15:24:43+00:00	2024-06-19	A	3	03,04,02,17,19,06	6	1.86	1.62	0.92			
801	15:24:45+00:00	66.9 M	1	0	0	15:24:44+00:00	2024-06-19	A	3	03,04,02,17,19,06	6	1.86	1.62	0.92			
802	15:24:46+00:00	67.2 M	1	0	0	15:24:45+00:00	2024-06-19	A	3	03,04,02,17,19,06	6	1.86	1.62	0.92			
803	15:24:47+00:00	67.4 M	1	0	0	15:24:46+00:00	2024-06-19	A	3	03,04,02,17,19,06	6	1.86	1.62	0.92			
804	15:24:48+00:00	67.3 M	1	0	0	15:24:47+00:00	2024-06-19	A	3	03,04,02,17,19,06	6	1.86	1.62	0.92			
805	15:24:49+00:00	67.5 M	1	0	0	15:24:48+00:00	2024-06-19	A	3	03,04,02,17,19,06	6	1.86	1.62	0.92			
806	15:24:50+00:00	67.3 M	1	0	0	15:24:49+00:00	2024-06-19	A	3	03,04,02,17,19,06	6	1.86	1.62	0.92			
807	15:24:51+00:00	67.6 M	1	0	0	15:24:50+00:00	2024-06-19	A	3	03,04,02,17,19,06	6	1.86	1.62	0.92			
808	15:24:52+00:00	67.3 M	1	0	0	15:24:51+00:00	2024-06-19	A	3	03,04,02,17,19,06	6	1.86	1.62	0.92			
809	15:24:53+00:00	67.5 M	1	0.001	0	15:24:52+00:00	2024-06-19	A	3	03,04,02,17,19,06	6	1.86	1.62	0.92			
810	15:24:54+00:00	67.3 M	1	0	0	15:24:53+00:00	2024-06-19	A	3	03,04,02,17,19,06	6	1.86	1.62	0.92			
811	15:24:55+00:00	67.6 M	1	0	0	15:24:54+00:00	2024-06-19	A	3	03,04,02,17,19,06	6	1.86	1.62	0.92			
812	15:24:56+00:00	67.7 M	1	0.001	0	15:24:55+00:00	2024-06-19	A	3	03,04,02,17,19,06	6	1.86	1.62	0.92			
813	15:24:57+00:00	67.5 M	1	0	0	15:24:56+00:00	2024-06-19	A	3	03,04,02,17,19,06	6	1.86	1.61	0.92			
814	15:24:58+00:00	67.4 M	1	0.001	0	15:24:57+00:00	2024-06-19	A	3	03,04,02,17,19,06	6	1.86	1.61	0.92			
815	15:24:59+00:00	67.3 M	1	0	0	15:24:58+00:00	2024-06-19	A	3	03,04,02,17,19,06	6	1.86	1.61	0.92			
816	15:25:00+00:00	67.6 M	1	0	0	15:24:59+00:00	2024-06-19	A	3	03,04,02,17,19,06	6	1.86	1.61	0.92			
817	15:25:01+00:00	67.7 M	1	0	0	15:25:00+00:00	2024-06-19	A	3	03,04,02,17,19,06	6	1.86	1.61	0.92			
818	15:25:02+00:00	67.5 M	1	0	0	15:25:01+00:00	2024-06-19	A	3	03,04,02,17,19,06	6	1.86	1.61	0.92			
819	15:25:03+00:00	66.7 M	1	0	0	15:25:02+00:00	2024-06-19	A	3	03,04,02,17,19,06	6	1.86	1.61	0.92			
820	15:25:04+00:00	66.4 M	1	0.001	0	15:25:03+00:00	2024-06-19	A	3	03,04,02,17,19,06	6	1.86	1.61	0.92			
821	15:25:05+00:00	66.6 M	1	0	0	15:25:04+00:00	2024-06-19	A	3	03,04,02,17,19,06	6	1.86	1.61	0.92			
822	15:25:06+00:00	66.6 M	1	0	0	15:25:05+00:00	2024-06-19	A	3	03,04,02,17,19,06	6	1.86	1.61	0.92			
823	15:25:07+00:00	66.4 M	1	0	0	15:25:06+00:00	2024-06-19	A	3	03,04,02,17,19,06	6	1.86	1.61	0.92			
824	15:25:08+00:00	66.4 M	1	0	0	15:25:07+00:00	2024-06-19	A	3	03,04,02,17,19,06	6	1.86	1.61	0.92			
825	15:25:09+00:00	65.9 M	1	0	0	15:25:08+00:00	2024-06-19	A	3	03,04,02,17,19,06	6	1.86	1.61	0.92			
826	15:25:10+00:00	65.9 M	1	0.001	0	15:25:09+00:00	2024-06-19	A	3	03,04,02,17,19,06	6	1.86	1.61	0.92			
827	15:25:11+00:00	65.7 M	1	0	0	15:25:10+00:00	2024-06-19	A	3	03,04,02,17,19,06	6	1.86	1.61	0.92			
828	15:25:12+00:00	65.6 M	1	0	0	15:25:11+00:00	2024-06-19	A	3	03,04,02,17,19,06	6	1.86	1.61	0.92			
829	15:25:13+00:00	65.6 M	1	0	0	15:25:12+00:00	2024-06-19	A	3	03,04,02,17,19,06	6	1.86	1.61	0.92			
830	15:25:14+00:00	65.7 M	1	0.001	0	15:25:13+00:00	2024-06-19	A	3	03,04,02,17,19,06	6	1.86	1.61	0.92			
831	15:25:15+00:00	65.5 M	1	0	0	15:25:14+00:00	2024-06-19	A	3	03,04,02,17,19,06	6	1.86	1.61	0.92			
832	15:25:16+00:00	65.7 M	1	0.001	0	15:25:15+00:00	2024-06-19	A	3	03,04,02,17,19,06	6	1.86	1.61	0.92			
833	15:25:17+00:00	65.5 M	1	0	0	15:25:16+00:00	2024-06-19	A	3	03,04,02,17,19,06	6	1.86	1.61	0.92			
834	15:25:18+00:00	65.8 M	1	0	0	15:25:17+00:00	2024-06-19	A	3	03,04,02,17,19,06	6	1.86	1.61	0.92			
835	15:25:19+00:00	65.9 M	1	0	0	15:25:18+00:00	2024-06-19	A	3	03,04,02,17,19,06	6	1.86	1.61	0.92			
836	15:25:20+00:00	65.9 M	1	0	0	15:25:19+00:00	2024-06-19	A	3	03,04,02,17,19,06	6	1.86	1.61	0.92			
837	15:25:21+00:00	65.9 M	1	0.001	0	15:25:20+00:00	2024-06-19	A	3	03,04,02,17,19,06	6	1.86	1.61	0.92			
838	15:25:22+00:00	66.2 M	1	0	0	15:25:21+00:00	2024-06-19	A	3	03,04,02,17,19,06	6	1.86	1.61	0.92			
839	15:25:23+00:00	66.2 M	1	0	0	15:25:22+00:00	2024-06-19	A	3	03,04,02,17,19,06	6	1.86	1.61	0.92			
840	15:25:24+00:00	66.3 M	1	0	0	15:25:23+00:00	2024-06-19	A	3	03,04,02,17,19,06	6	1.86	1.61	0.92			
841	15:25:25+00:00	66.1 M	1	0	0	15:25:24+00:00	2024-06-19	A	3	03,04,02,17,19,06	6	1.86	1.61	0.92			
842	15:25:26+00:00	66.3 M	1	0	0	15:25:25+00:00	2024-06-19	A	3	03,04,02,17,19,06	6	1.86	1.61	0.92			
843	15:25:27+00:00	66.5 M	1	0	0	15:25:26+00:00	2024-06-19	A	3	03,04,02,17,19,06	6	1.85	1.61	0.92			
844	15:25:28+00:00	66.4 M	1	0	0	15:25:27+00:00	2024-06-19	A	3	03,04,02,17,19,06	6	1.85	1.61	0.92			
845	15:25:29+00:00	66.8 M	1	0.001	0	15:25:28+00:00	2024-06-19	A	3	03,04,02,17,19,06	6	1.85	1.61	0.92			
846	15:25:30+00:00	66.8 M	1	0	0	15:25:29+00:00	2024-06-19	A	3	03,04,02,17,19,06	6	1.85	1.61	0.92			
847	15:25:31+00:00	66.9 M	1	0	0	15:25:30+00:00	2024-06-19	A	3	03,04,02,17,19,06	6	1.85	1.61	0.92			
848	15:25:32+00:00	67.0 M	1	0	0	15:25:31+00:00	2024-06-19	A	3	03,04,02,17,19,06	6	1.85	1.61	0.92			
849	15:25:33+00:00	67.1 M	1	0.001	0	15:25:32+00:00	2024-06-19	A	3	03,04,02,17,19,06	6	1.85	1.61	0.92			
850	15:25:34+00:00	67.4 M	1	0.001	0	15:25:33+00:00	2024-06-19	A	3	03,04,02,17,19,06	6	1.85	1.61	0.92			
851	15:25:35+00:00	67.4 M	1	0	0	15:25:34+00:00	2024-06-19	A	3	03,04,02,17,19,06	6	1.85	1.61	0.92			
852	15:25:36+00:00	67.6 M	1	0	0	15:25:35+00:00	2024-06-19	A	3	03,04,02,17,19,06	6	1.85	1.61	0.92			
853	15:25:37+00:00	67.7 M	1	0	0	15:25:36+00:00	2024-06-19	A	3	03,04,02,17,19,06	6	1.85	1.61	0.92			
854	15:25:38+00:00	67.8 M	1	0	0	15:25:37+00:00	2024-06-19	A	3	03,04,02,17,19,06	6	1.85	1.61	0.92			
855	15:25:39+00:00	67.6 M	1	0	0	15:25:38+00:00	2024-06-19	A	3	03,04,02,17,19,06	6	1.85	1.61	0.92			
856	15:25:40+00:00	67.5 M	1	0	0	15:25:39+00:00	2024-06-19	A	3	03,04,02,17,19,06	6	1.85	1.61	0.92			
857	15:25:41+00:00	67.8 M	1	0	0	15:25:40+00:00	2024-06-19	A	3	03,04,02,17,19,06	6	1.85	1.61	0.92			
858	15:25:42+00:00	68.0 M	1	0.001	0	15:25:41+00:00	2024-06-19	A	3	03,04,02,17,19,06	6	1.85	1.61	0.92			
859	15:25:43+00:00	68.0 M	1	0.001	0	15:25:42+00:00	2024-06-19	A	3	03,04,02,17,19,06	6	1.85	1.61	0.92			
860	15:25:44+00:00	68.1 M	1	0	0	15:25:43+00:00	2024-06-19	A	3	03,04,02,17,19,06	6	1.85	1.61	0.92			
861	15:25:45+00:00	68.2 M	1	0	0	15:25:44+00:00	2024-06-19	A	3	03,04,02,17,19,06	6	1.85	1.61	0.92			
862	15:25:46+00:00	68.1 M	1	0	0	15:25:45+00:00	2024-06-19	A	3	03,04,02,17,19,06	6	1.85	1.61	0.92			
863	15:25:47+00:00	68.2 M	1	0	0	15:25:46+00:00	2024-06-19	A	3	03,04,02,17,19,06	6	1.85	1.61	0.92			
864	15:25:48+00:00	68.4 M	1	0	0	15:25:47+00:00	2024-06-19	A	3	03,04,02,17,19,06	6	1.85	1.61	0.92			
865	15:25:49+00:00	68.2 M	1	0	0	15:25:48+00:00	2024-06-19	A	3	03,04,02,17,19,06	6	1.85	1.61	0.92			
866	15:25:50+00:00	68.6 M	1	0	0	15:25:49+00:00	2024-06-19	A	3	03,04,02,17,19,06	6	1.85	1.61	0.92			
867	15:25:51+00:00	68.8 M	1	0	0	15:25:50+00:00	2024-06-19	A	3	03,04,02,17,19,06	6	1.85	1.61	0.92			
868	15:25:52+00:00	68.8 M	1	0	0	15:25:51+00:00	2024-06-19	A	3	03,04,02,17,19,06	6	1.85	1.61	0.92			
869	15:25:53+00:00	68.8 M	1	0	0	15:25:52+00:00	2024-06-19	A	3	03,04,02,17,19,06	6	1.85	1.61	0.92			
870	15:25:54+00:00	68.9 M	1	0.001	0	15:25:53+00:00	2024-06-19	A	3	03,04,02,17,19,06	6	1.85	1.61	0.92			
871	15:25:55+00:00	69.0 M	1	0	0	15:25:54+00:00	2024-06-19	A	3	03,04,02,17,19,06	6	1.85	1.61	0.92			
872	15:25:56+00:00	69.0 M	1	0.001	0	15:25:55+00:00	2024-06-19	A	3	03,04,02,17,19,06	6	1.85	1.61	0.92			
873	15:25:57+00:00	68.8 M	1	0.001	0	15:25:56+00:00	2024-06-19	A	3	03,04,02,17,19,06	6	1.85	1.6	0.92			
874	15:25:58+00:00	68.7 M	1	0.001	0	15:25:57+00:00	2024-06-19	A	3	03,04,02,17,19,06	6	1.85	1.6	0.92			
875	15:25:59+00:00	68.5 M	1	0	0	15:25:58+00:00	2024-06-19	A	3	03,04,02,17,19,06	6	1.85	1.6	0.92			
876	15:26:00+00:00	68.6 M	1	0	0	15:25:59+00:00	2024-06-19	A	3	03,04,02,17,19,06	6	1.85	1.6	0.92			
877	15:26:01+00:00	68.8 M	1	0	0	15:26:00+00:00	2024-06-19	A	3	03,04,02,17,19,06	6	1.85	1.6	0.92			
878	15:26:02+00:00	68.3 M	1	0	0	15:26:01+00:00	2024-06-19	A	3	03,04,02,17,19,06	6	1.85	1.6	0.92			
879	15:26:03+00:00	68.1 M	1	0	0	15:26:02+00:00	2024-06-19	A	3	03,04,02,17,19,06	6	1.85	1.6	0.92			
880	15:26:04+00:00	68.3 M	1	0	0	15:26:03+00:00	2024-06-19	A	3	03,04,02,17,19,06	6	1.85	1.6	0.92			
881	15:26:05+00:00	68.0 M	1	0	0	15:26:04+00:00	2024-06-19	A	3	03,04,02,17,19,06	6	1.85	1.6	0.92			
882	15:26:06+00:00	68.1 M	1	0	0	15:26:05+00:00	2024-06-19	A	3	03,04,02,17,19,06	6	1.85	1.6	0.92			
883	15:26:07+00:00	68.0 M	1	0	0	15:26:06+00:00	2024-06-19	A	3	03,04,02,17,19,06	6	1.85	1.6	0.92			
884	15:26:08+00:00	67.9 M	1	0	0	15:26:07+00:00	2024-06-19	A	3	03,04,02,17,19,06	6	1.85	1.6	0.92			
885	15:26:09+00:00	66.9 M	1	0	0	15:26:08+00:00	2024-06-19	A	3	03,04,02,17,19,06	6	1.85	1.6	0.92			
886	15:26:10+00:00	67.2 M	1	0	0	15:26:09+00:00	2024-06-19	A	3	03,04,02,17,19,06	6	1.85	1.6	0.92			
887	15:26:11+00:00	66.9 M	1	0	0	15:26:10+00:00	2024-06-19	A	3	03,04,02,17,19,06	6	1.85	1.6	0.92			
888	15:26:12+00:00	67.0 M	1	0	0	15:26:11+00:00	2024-06-19	A	3	03,04,02,17,19,06	6	1.85	1.6	0.92			
889	15:26:13+00:00	66.4 M	1	0	0	15:26:12+00:00	2024-06-19	A	3	03,04,02,17,19,06	6	1.85	1.6	0.92			
890	15:26:14+00:00	66.1 M	1	0	0	15:26:13+00:00	2024-06-19	A	3	03,04,02,17,19,06	6	1.85	1.6	0.92			
891	15:26:15+00:00	66.2 M	1	0	0	15:26:14+00:00	2024-06-19	A	3	03,04,02,17,19,06	6	1.85	1.6	0.92			
892	15:26:16+00:00	66.1 M	1	0	0	15:26:15+00:00	2024-06-19	A	3	03,04,02,17,19,06	6	1.85	1.6	0.92			
893	15:26:17+00:00	65.5 M	1	0	0	15:26:16+00:00	2024-06-19	A	3	03,04,02,17,19,06	6	1.85	1.6	0.92			
894	15:26:18+00:00	65.3 M	1	0	0	15:26:17+00:00	2024-06-19	A	3	03,04,02,17,19,06	6	1.85	1.6	0.92			
895	15:26:19+00:00	64.7 M	1	0	0	15:26:18+00:00	2024-06-19	A	3	03,04,02,17,19,06	6	1.85	1.6	0.92			
896	15:26:20+00:00	65.0 M	1	0	0	15:26:19+00:00	2024-06-19	A	3	03,04,02,17,19,06	6	1.85	1.6	0.92			
897	15:26:21+00:00	65.4 M	1	0	0	15:26:20+00:00	2024-06-19	A	3	03,04,02,17,19,06	6	1.85	1.6	0.92			
898	15:26:22+00:00	64.5 M	1	0	0	15:26:21+00:00	2024-06-19	A	3	03,04,02,17,19,06	6	1.85	1.6	0.92			
899	15:26:23+00:00	64.2 M	1	0	0	15:26:22+00:00	2024-06-19	A	3	03,04,02,17,19,06	6	1.85	1.6	0.92			
900	15:26:24+00:00	64.2 M	1	0	0	15:26:23+00:00	2024-06-19	A	3	03,04,02,17,19,06	6	1.85	1.6	0.92			
901	15:26:25+00:00	63.6 M	1	0	0	15:26:24+00:00	2024-06-19	A	3	03,04,02,17,19,06	6	1.85	1.6	0.92			
902	15:26:26+00:00	63.2 M	1	0	0	15:26:25+00:00	2024-06-19	A	3	03,04,02,17,19,06	6	1.85	1.6	0.92			
903	15:26:27+00:00	63.8 M	1	0	0	15:26:26+00:00	2024-06-19	A	3	03,04,02,17,19,06	6	1.85	1.6	0.92			
904	15:26:28+00:00	63.9 M	1	0	0	15:26:27+00:00	2024-06-19	A	3	03,04,02,17,19,06	6	1.85	1.6	0.92			
905	15:26:29+00:00	63.7 M	1	0	0	15:26:28+00:00	2024-06-19	A	3	03,04,02,17,19,06	6	1.85	1.6	0.92			
906	15:26:30+00:00	63.9 M	1	0	0	15:26:29+00:00	2024-06-19	A	3	03,04,02,17,19,06	6	1.85	1.6	0.92			
907	15:26:31+00:00	63.8 M	1	0	0	15:26:30+00:00	2024-06-19	A	3	03,04,02,17,19,06	6	1.85	1.6	0.92			
908	15:26:32+00:00	63.7 M	1	0	0	15:26:31+00:00	2024-06-19	A	3	03,04,02,17,19,06	6	1.85	1.6	0.92			
909	15:26:33+00:00	63.8 M	1	0	0	15:26:32+00:00	2024-06-19	A	3	03,04,02,17,19,06	6	1.85	1.6	0.92			
910	15:26:34+00:00	63.6 M	1	0	0	15:26:33+00:00	2024-06-19	A	3	03,04,02,17,19,06	6	1.85	1.6	0.92			
911	15:26:35+00:00	63.9 M	1	0	0	15:26:34+00:00	2024-06-19	A	3	03,04,02,17,19,06	6	1.85	1.6	0.92			
912	15:26:36+00:00	64.0 M	1	0	0	15:26:35+00:00	2024-06-19	A	3	03,04,02,17,19,06	6	1.85	1.6	0.92			
913	15:26:37+00:00	63.9 M	1	0	0	15:26:36+00:00	2024-06-19	A	3	03,04,02,17,19,06	6	1.85	1.6	0.92			
914	15:26:38+00:00	63.8 M	1	0	0	15:26:37+00:00	2024-06-19	A	3	03,04,02,17,19,06	6	1.85	1.6	0.92			
915	15:26:39+00:00	63.7 M	1	0	0	15:26:38+00:00	2024-06-19	A	3	03,04,02,17,19,06	6	1.84	1.6	0.92			
